user_id,event_date,event_timestamp,event_name,parameter,value
ec153faa2cf0769139acee1bf5eda6ba,20191110,"1,573,379,603,464,000",screen,shown,chapter_select_screen
bf566c3c80fcce3cb7d9110fa4a8a7c3,20191110,"1,573,392,430,232,000",screen,shown,chapter_select_screen
7debdcc45a9f48048918058445c4c3d4,20191110,"1,573,383,320,865,020",screen,shown,garage
37d85de2f80b7ee7968e48fd9edf93f0,20191110,"1,573,409,574,703,010",screen,shown,chapter_select_screen
d94d18c665e6419cef7d1d7be8f19004,20191110,"1,573,384,657,395,000",screen,shown,chapter_select_screen
9e9490f441616f9ffa9917939b9c08ff,20191110,"1,573,395,603,849,040",screen,shown,garage
B61F3C4F6E0046FBB5A9997D39F781F8,20191110,"1,573,406,117,211,040",screen,shown,garage
B61F3C4F6E0046FBB5A9997D39F781F8,20191110,"1,573,406,205,849,030",screen,shown,chapter_select_screen
175236A11B874FB88B57F86701F21D5A,20191110,"1,573,398,147,568,080",screen,shown,chapter_select_screen
5EBE566B324F4D6194B7D19F71310F28,20191110,"1,573,414,805,150,000",screen,shown,chapter_select_screen
fad1fdffba10dffc896a21452c4e3799,20191110,"1,573,414,940,928,000",screen,shown,garage
92597339af0676cc7bfd41e9af39f59a,20191110,"1,573,379,743,336,010",screen,shown,chapter_select_screen
649ab5daf1991cb687319fffd1a8df52,20191110,"1,573,374,031,772,080",screen,shown,chapter_select_screen
3f471d4dde793201308bdaaa27749c9c,20191110,"1,573,405,445,732,000",screen,shown,chapter_select_screen
a5744aa82f660d6a0d09f38d5c6b14df,20191110,"1,573,412,869,474,040",screen,shown,garage
f399cea3922ca7792659a26586d9ef74,20191110,"1,573,427,930,894,000",screen,shown,chapter_select_screen
dcc2535ef24d1bf7ea7e5aa91087693d,20191110,"1,573,367,263,756,000",screen,shown,chapter_select_screen
c0065ba4291f85baf4ce442614cbeed3,20191110,"1,573,418,009,212,000",screen,shown,garage
259c1db21296d58e0440402098fb859a,20191110,"1,573,368,283,847,010",screen,shown,more_games_screen
b867493c607a01aba5ea0a2daf02c814,20191110,"1,573,378,033,226,000",screen,shown,chapter_select_screen
71EABCD9D00C49C98D04A10924F4240D,20191110,"1,573,393,523,564,010",screen,shown,chapter_select_screen
734c33bf6a01f7972b84df25318e2771,20191110,"1,573,408,175,679,010",screen,shown,chapter_select_screen
2b396fffb457ce8a1d632e05711535be,20191110,"1,573,396,102,491,010",screen,shown,chapter_select_screen
ae90ebf0494780bff79b44336e1339d6,20191110,"1,573,392,529,567,060",screen,shown,chapter_select_screen
5276238671ffeb420518c8fbbb5d0727,20191110,"1,573,382,049,825,000",screen,shown,chapter_select_screen
fb3fe700458783381cb8d2bc93815abf,20191110,"1,573,398,539,388,000",screen,shown,chapter_select_screen
6A47D0DA371D48C48677920736FE6925,20191110,"1,573,410,899,043,010",screen,shown,garage
d2984b6ad14b3a930305635a52a29e60,20191110,"1,573,415,532,920,000",screen,shown,chapter_select_screen
b7b60127f0bec4ec0a7642fdb480608c,20191110,"1,573,392,687,076,000",screen,shown,store
031341320eaf695574e22f8aa8e09bce,20191110,"1,573,408,842,349,010",screen,shown,chapter_select_screen
d338bd145f25027881a0a2695c89b0a2,20191110,"1,573,396,078,305,000",screen,shown,chapter_select_screen
b6a52282853cc90f86bb24e0fb086ac5,20191110,"1,573,413,467,102,000",screen,shown,chapter_select_screen
3ca2dff7a2f6a9438853c5dc5795f062,20191110,"1,573,381,990,995,010",screen,shown,more_games_screen
41a053e7c2afe530807ebfcb2cc45e4e,20191110,"1,573,372,543,036,010",screen,shown,more_games_screen
a65506be18c1df6d8babc85199a95e0c,20191110,"1,573,405,081,433,000",screen,shown,chapter_select_screen
f5d0ae6a45cd5c67d0bec992c6ee28dc,20191110,"1,573,397,699,855,000",screen,shown,store
3d4d293d2cf64dd6dc4797d54afd9caa,20191110,"1,573,418,597,900,040",screen,shown,chapter_select_screen
bd6e858ee214062b5ad23bc64a99378c,20191110,"1,573,389,203,946,010",screen,shown,chapter_select_screen
bd6e858ee214062b5ad23bc64a99378c,20191110,"1,573,395,635,706,000",screen,shown,store
9070d18f305f4ed7572fe3af07c4b4ff,20191110,"1,573,392,111,490,000",screen,shown,chapter_select_screen
b4650cba5612c54c2d62138a7390b24e,20191110,"1,573,395,658,203,020",screen,shown,more_games_screen
b4650cba5612c54c2d62138a7390b24e,20191110,"1,573,396,321,237,020",screen,shown,chapter_select_screen
69f4c5dd8251af4ff6102c723e0cc7ea,20191110,"1,573,378,342,201,010",screen,shown,garage
39d58476a352b4b569eff40a1dbe3db4,20191110,"1,573,398,885,198,010",screen,shown,chapter_select_screen
201585cc4f7d6bf9eee4ed260807ecc4,20191110,"1,573,384,050,199,000",screen,shown,more_games_screen
27fb1a928292cd3482f3f98986560a5f,20191110,"1,573,401,428,115,000",screen,shown,garage
bb7135fcfaaeeeae071b69b94af4e6c7,20191110,"1,573,416,250,514,020",screen,shown,chapter_select_screen
68990f096e954e5fb677f203c424d6ba,20191110,"1,573,412,958,553,000",screen,shown,chapter_select_screen
7784dcd076e70d633cad7d7f43f114da,20191110,"1,573,385,162,579,000",screen,shown,chapter_select_screen
7784dcd076e70d633cad7d7f43f114da,20191110,"1,573,387,660,745,000",screen,shown,chapter_select_screen
7784dcd076e70d633cad7d7f43f114da,20191110,"1,573,387,993,520,000",screen,shown,store
0c4fa7d8dae816ea48de17bbe13ab245,20191110,"1,573,379,569,926,010",screen,shown,garage
943b7aab6ef52d0e050f8f2420d562b6,20191110,"1,573,413,228,196,010",screen,shown,garage
9a5e5e44b19bd15a2a2d30c8bf49fba9,20191110,"1,573,382,903,664,010",screen,shown,garage
ad7df13d24bd3251f128a4108f33766a,20191110,"1,573,358,533,129,000",screen,shown,garage
8ea426db3bfb392bc77973d89309cde4,20191110,"1,573,416,337,891,000",screen,shown,store
f3f43f2522770a5aeb0691fcc18f1eec,20191110,"1,573,357,561,396,010",screen,shown,garage
67268537cf88958eaf7f7c656dc1f3cf,20191110,"1,573,402,217,725,000",screen,shown,chapter_select_screen
7fec0cfae4dd081e54828eb41ed40613,20191110,"1,573,413,159,210,010",screen,shown,garage
44AC9677CA1748B4ADCEC33431446317,20191110,"1,573,429,921,868,010",screen,shown,garage
FDBEEF68BFF145FA8BA919E22E9069DC,20191110,"1,573,381,880,016,030",screen,shown,more_games_screen
FDBEEF68BFF145FA8BA919E22E9069DC,20191110,"1,573,381,932,245,000",screen,shown,garage
5D3A03FA389942129DD033B2EB0BE35E,20191110,"1,573,383,783,227,050",screen,shown,chapter_select_screen
5D3A03FA389942129DD033B2EB0BE35E,20191110,"1,573,383,791,686,060",screen,shown,garage
5D3A03FA389942129DD033B2EB0BE35E,20191110,"1,573,384,088,962,000",screen,shown,chapter_select_screen
14E46EF729204A18BC97E8F1D9C0403E,20191110,"1,573,389,874,423,000",screen,shown,garage
CEC814BB5ED9426CAF9D3D3E61E37962,20191110,"1,573,416,504,808,000",screen,shown,store
CEC814BB5ED9426CAF9D3D3E61E37962,20191110,"1,573,416,707,489,000",screen,shown,chapter_select_screen
5556DC3FB3D6439897DB9D570B0CE51B,20191110,"1,573,345,766,895,000",screen,shown,chapter_select_screen
5556DC3FB3D6439897DB9D570B0CE51B,20191110,"1,573,422,298,576,000",screen,shown,chapter_select_screen
644BF7D1E6334BB187B554835F46AADF,20191110,"1,573,401,433,608,000",screen,shown,chapter_select_screen
E0848BC4F1294F9EA0D048D64B5C809B,20191110,"1,573,405,700,745,000",screen,shown,chapter_select_screen
4FCC8FE9AF864DF78B5FEC64B88CFA30,20191110,"1,573,384,070,933,000",screen,shown,chapter_select_screen
CD6FD83AF6B0483B860AED6E279BFBB5,20191110,"1,573,390,538,331,020",screen,shown,chapter_select_screen
CD6FD83AF6B0483B860AED6E279BFBB5,20191110,"1,573,411,823,186,000",screen,shown,chapter_select_screen
EA38D6B339244698A40D8473AFA6519C,20191110,"1,573,386,758,287,000",screen,shown,chapter_select_screen
F836C179F626426E9BEE6FECDCC69281,20191110,"1,573,399,412,581,000",screen,shown,chapter_select_screen
1B0B7C829A4845E9913BFB8E5A45DF70,20191110,"1,573,409,679,413,000",screen,shown,chapter_select_screen
E63CC4C1BAEF4B31B6376265472AE0F4,20191110,"1,573,394,266,939,010",screen,shown,garage
3B18789F4C8146CCA79A61B97AD6A959,20191110,"1,573,400,162,855,000",screen,shown,chapter_select_screen
FF62752153634C62855142BA878905FE,20191110,"1,573,408,434,931,000",screen,shown,chapter_select_screen
1AF54327209A403A95364CFBC7FF919E,20191110,"1,573,382,282,089,010",screen,shown,chapter_select_screen
DDDD0445D91D41C18F05D151D0092415,20191110,"1,573,411,692,928,010",screen,shown,garage
DDDD0445D91D41C18F05D151D0092415,20191110,"1,573,418,214,071,000",screen,shown,chapter_select_screen
B07B0D170A1840B7BCAB201207399E9E,20191110,"1,573,419,035,712,010",screen,shown,chapter_select_screen
A6833B617B4E4D18880C8CB917C2FBAD,20191110,"1,573,379,522,266,010",screen,shown,garage
D273339021D44F02927AE90B89CF9D4A,20191110,"1,573,377,654,308,010",screen,shown,chapter_select_screen
4E310AD67DCE41DF8C74BE208F28DBEC,20191110,"1,573,403,783,631,000",screen,shown,chapter_select_screen
31A9C4B1780B4EFBAEF7B8F096055FC8,20191110,"1,573,396,514,703,000",screen,shown,chapter_select_screen
FD5D7BB82B884ABEA49CD8A7F3143E1C,20191110,"1,573,422,135,244,020",screen,shown,garage
EBCDE75BE34B41AEAC118ADFF3BBB5AA,20191110,"1,573,395,258,062,010",screen,shown,garage
5ED6E59BA4AA4CA885304D51DF675F0E,20191110,"1,573,381,241,577,000",screen,shown,chapter_select_screen
D5549DD4D2444C579D8B99D5E633D44D,20191110,"1,573,380,399,167,000",screen,shown,chapter_select_screen
94F823331FB04F5AB2AE6E4C10029810,20191110,"1,573,409,100,156,010",screen,shown,garage
6C74D2981CF24AFBBB7FA64AEAC89529,20191110,"1,573,409,412,519,000",screen,shown,chapter_select_screen
BB1EDB3399F84928BF8A31E683424E9B,20191110,"1,573,371,879,539,000",screen,shown,garage
8587071C44954DE49E5FD476AF3DED2D,20191110,"1,573,401,925,271,000",screen,shown,chapter_select_screen
06E09B6904974626B825D6B7ED89234D,20191110,"1,573,405,134,325,000",screen,shown,more_games_screen
5A56E089362F40309A0B3FE1F4D07AC2,20191110,"1,573,346,804,189,000",screen,shown,chapter_select_screen
5A56E089362F40309A0B3FE1F4D07AC2,20191110,"1,573,407,356,185,000",screen,shown,chapter_select_screen
5294024171B246B5B48A6015B65DC333,20191110,"1,573,389,198,048,010",screen,shown,chapter_select_screen
AA27F8FE40BF4EEBA416D34AE9663FBD,20191110,"1,573,405,736,127,000",screen,shown,more_games_screen
C5B5376C4ACD4BB6A9B20EDB43FF26F5,20191110,"1,573,383,552,027,000",screen,shown,chapter_select_screen
C56466146671475FA43754A3E2940C56,20191110,"1,573,397,002,796,000",screen,shown,chapter_select_screen
4F9E6B71F6FF48B48DCEFB9DC54F857F,20191110,"1,573,395,717,600,000",screen,shown,chapter_select_screen
5FD1716EA54046708C241624ECCCBC71,20191110,"1,573,406,075,074,000",screen,shown,chapter_select_screen
B91FA06468CA41EB80E8ED2F871EEB4A,20191110,"1,573,408,209,752,010",screen,shown,garage
1c318b63f42ee11698d27e95caf201a3,20191110,"1,573,380,034,436,010",screen,shown,chapter_select_screen
b0ca327e1a2b8eeb125b582cefaa74d7,20191110,"1,573,401,807,847,000",screen,shown,more_games_screen
d68b1054bc8a09ffc616cb17f6399e6c,20191110,"1,573,377,033,299,020",screen,shown,garage
6fab1d2998b60b46a2616bd19aa04c03,20191110,"1,573,368,159,341,010",screen,shown,chapter_select_screen
dcb6fe39c4cda71695b09d1de2009176,20191110,"1,573,386,291,952,000",screen,shown,chapter_select_screen
f76724ce9bdb45d766f0db36d06d621d,20191110,"1,573,400,010,409,110",screen,shown,chapter_select_screen
f76724ce9bdb45d766f0db36d06d621d,20191110,"1,573,400,123,099,180",screen,shown,chapter_select_screen
6fc921cfeac16ef8cc78f0a4eda5bf74,20191110,"1,573,382,000,121,010",screen,shown,chapter_select_screen
d88ca58b74c9451ae5b503c48b17f708,20191110,"1,573,388,213,822,000",screen,shown,chapter_select_screen
1138662bf07683b141133183de027729,20191110,"1,573,385,549,395,000",screen,shown,chapter_select_screen
62937640368096d429d424b6d7092ae9,20191110,"1,573,375,455,851,000",screen,shown,chapter_select_screen
7ec42749f71ed27902367650fe726a29,20191110,"1,573,384,399,084,000",screen,shown,chapter_select_screen
1417c5c624eb2c4aebccc37da37f0d85,20191110,"1,573,408,764,889,000",screen,shown,chapter_select_screen
0da9e25a8079ef6e23530fcb728be492,20191110,"1,573,380,597,592,000",screen,shown,chapter_select_screen
d7074384d2e5cc0c55557d4610851830,20191110,"1,573,372,667,058,010",screen,shown,garage
9c968117b6d39c0549986d40c25ebe26,20191110,"1,573,401,733,686,000",screen,shown,store
43eb2872abb3214b3b46d5b155f62849,20191110,"1,573,400,063,452,000",screen,shown,chapter_select_screen
8cc1e9defde92e4fa0f287cdb99de394,20191110,"1,573,390,531,923,000",screen,shown,chapter_select_screen
80540f5031922316c3dfcd5c78435540,20191110,"1,573,383,671,865,010",screen,shown,garage
80540f5031922316c3dfcd5c78435540,20191110,"1,573,386,483,305,010",screen,shown,garage
f1a098f5418ce1960d65d57f7d6dae82,20191110,"1,573,381,293,344,000",screen,shown,store
6e0071527842ee806bde30942b4140fc,20191110,"1,573,356,862,368,010",screen,shown,garage
32e932f1dae66f5a069561912bb96aa9,20191110,"1,573,423,826,233,060",screen,shown,more_games_screen
f61def6b6f326e514f12c26448e4ffb1,20191110,"1,573,396,828,006,000",screen,shown,chapter_select_screen
6dbab8211546b0ac05e2f4a99642ae18,20191110,"1,573,384,227,965,000",screen,shown,chapter_select_screen
6dbab8211546b0ac05e2f4a99642ae18,20191110,"1,573,384,238,837,000",screen,shown,garage
29783cc8e15200a582092b823f604705,20191110,"1,573,385,849,314,000",screen,shown,chapter_select_screen
3480E4D3DD0B492AAB1C5A09DEA7F292,20191110,"1,573,387,097,968,000",screen,shown,chapter_select_screen
784c2967ca6b3c0627ab8377a5ebcbb0,20191110,"1,573,407,749,437,030",screen,shown,more_games_screen
06294bca87f3468b6834e2e8e7df55c0,20191110,"1,573,396,336,491,000",screen,shown,chapter_select_screen
b639d5f4ae0e63f23113e21538d25a9f,20191110,"1,573,421,115,228,040",screen,shown,chapter_select_screen
02af1542e3f1073b1a9f544f7fd7e2b6,20191110,"1,573,384,830,213,030",screen,shown,chapter_select_screen
004199633b1e43deccfa763096dba7dd,20191110,"1,573,416,166,289,000",screen,shown,chapter_select_screen
004199633b1e43deccfa763096dba7dd,20191110,"1,573,416,197,530,000",screen,shown,store
a8930bbf3329ca956d73f6e73197cfc9,20191110,"1,573,376,979,839,020",screen,shown,garage
a79a886528468a8de456228f63591896,20191110,"1,573,379,856,079,000",screen,shown,store
301683b1223c8b19324177c495b0ec2f,20191110,"1,573,362,252,473,000",screen,shown,garage
e90d446dc857f8f97e8f37197742b456,20191110,"1,573,367,891,131,000",screen,shown,store
ce597883d1c0871f35f132bcc63a6209,20191110,"1,573,384,158,830,000",screen,shown,garage
a18aef146c3bdf7f8c2115e41ea0adf8,20191110,"1,573,389,830,204,010",screen,shown,garage
35329b6e7e900f0cfc396fa8393a9044,20191110,"1,573,384,217,247,000",screen,shown,garage
44feaa72e8b1f4abf93e5408d0d16745,20191110,"1,573,389,206,807,010",screen,shown,more_games_screen
ed454bd494d3d3ce9d3c61378f87b344,20191110,"1,573,363,967,605,010",screen,shown,garage
ed454bd494d3d3ce9d3c61378f87b344,20191110,"1,573,407,141,590,000",screen,shown,more_games_screen
76caff170d5d7f21c9ff091c234c0744,20191110,"1,573,397,527,024,000",screen,shown,more_games_screen
a573e6291fd4d807d0ebe085891ffb58,20191110,"1,573,385,798,507,000",screen,shown,chapter_select_screen
a573e6291fd4d807d0ebe085891ffb58,20191110,"1,573,387,023,589,010",screen,shown,more_games_screen
5cf4950df37d49931feff53abf5fc0b4,20191110,"1,573,356,120,897,000",screen,shown,chapter_select_screen
c940ad05115c4d7da099221c2004fd8f,20191110,"1,573,386,426,190,060",screen,shown,garage
40e8af2737b8db9bb9751b8122338f20,20191110,"1,573,393,273,102,010",screen,shown,garage
22c9a9fc3ff9f51823700913f7698589,20191110,"1,573,371,692,469,010",screen,shown,garage
93de3fbc2d628a9fae137f13d1b16d4f,20191110,"1,573,381,425,891,000",screen,shown,chapter_select_screen
5cf1518caf52dd7ecc45314874e20b81,20191110,"1,573,369,152,428,000",screen,shown,garage
72c167266d3a4f2d137787ce3ffe0e71,20191110,"1,573,359,872,986,010",screen,shown,chapter_select_screen
72c167266d3a4f2d137787ce3ffe0e71,20191110,"1,573,362,938,441,010",screen,shown,chapter_select_screen
72c167266d3a4f2d137787ce3ffe0e71,20191110,"1,573,363,647,055,030",screen,shown,chapter_select_screen
2f73164e815bc07a9affee59fa4a653c,20191110,"1,573,403,782,075,000",screen,shown,chapter_select_screen
2162f45e2db59604bd9cf5f8497d0071,20191110,"1,573,384,160,256,080",screen,shown,chapter_select_screen
2162f45e2db59604bd9cf5f8497d0071,20191110,"1,573,384,163,392,090",screen,shown,chapter_select_screen
760343a9a835b9f340e9a586d36bfbf3,20191110,"1,573,382,708,501,000",screen,shown,store
25c6b98ad2e0dd227ee8ee1022bb8ee5,20191110,"1,573,377,588,632,020",screen,shown,chapter_select_screen
e274ffeeb71ea85c5955eb79636924c8,20191110,"1,573,374,866,420,010",screen,shown,more_games_screen
fda7821706b39e21e8aed726f105e5ae,20191110,"1,573,367,749,546,000",screen,shown,more_games_screen
fda7821706b39e21e8aed726f105e5ae,20191110,"1,573,367,938,062,000",screen,shown,store
43c0d0281f189e035fb7632e070459ba,20191110,"1,573,386,583,360,000",screen,shown,chapter_select_screen
5c55512d9ea436a1ae9f0e92ab621de8,20191110,"1,573,389,012,432,000",screen,shown,chapter_select_screen
1371d9d90888d8fb722e4c24d018e185,20191110,"1,573,372,313,940,020",screen,shown,more_games_screen
baaa629d6b3f31fd9cc4143418a7f856,20191110,"1,573,380,045,145,010",screen,shown,chapter_select_screen
cc5e69b280a0876c6a598be2c3ab59bc,20191110,"1,573,363,942,045,000",screen,shown,more_games_screen
cc5e69b280a0876c6a598be2c3ab59bc,20191110,"1,573,363,947,007,010",screen,shown,chapter_select_screen
941FE8EF1088463590863D9053D79A7E,20191110,"1,573,393,771,721,010",screen,shown,garage
F554052288844710AB803DF9C456857F,20191110,"1,573,398,871,563,000",screen,shown,store
771655C7C2A44075AEF801A8850CF7F5,20191110,"1,573,381,376,951,000",screen,shown,more_games_screen
CA358F3EC5F94764BE795F70AC0DEDA1,20191110,"1,573,390,248,788,010",screen,shown,chapter_select_screen
C09238024C484216ADB6C07EE2EB4FFA,20191110,"1,573,401,925,535,000",screen,shown,more_games_screen
20522BF0A5624BF1BFA18792395C6DE4,20191110,"1,573,408,987,398,010",screen,shown,garage
CAE6803121784FACA83ED86B64A0D34E,20191110,"1,573,395,255,153,000",screen,shown,more_games_screen
D4FD1E1EBFC742F188C2D928250BCE29,20191110,"1,573,411,472,610,010",screen,shown,more_games_screen
FF6181F517234ED7B6BB0F5447B39EA7,20191110,"1,573,350,833,256,000",screen,shown,chapter_select_screen
0A666C217B08413191F2231C7C024A1A,20191110,"1,573,396,164,934,000",screen,shown,chapter_select_screen
E0E699958ACC4D2A956886A0AD8D02F1,20191110,"1,573,415,430,599,000",screen,shown,chapter_select_screen
1F2484F4AD8F45349BAAF76B9049AA24,20191110,"1,573,368,531,285,010",screen,shown,chapter_select_screen
5FEAC55C5AB24912B889E417E6F59215,20191110,"1,573,408,763,612,000",screen,shown,store
AA46B3649EFB4813ABBF40DC288C0906,20191110,"1,573,385,694,720,000",screen,shown,garage
6B4B723A0E0D4789A0AF2A1125EE21DF,20191110,"1,573,372,649,310,000",screen,shown,chapter_select_screen
038cc4f45b17c7d29b8bb4234f55a192,20191110,"1,573,360,806,304,020",screen,shown,chapter_select_screen
B16ED78B013147159B8021F29120FD26,20191110,"1,573,360,826,020,000",screen,shown,chapter_select_screen
4E1BC66A14A8442097580729ED1D3084,20191110,"1,573,374,478,081,010",screen,shown,garage
946344a026386b1d3d983912973fbea7,20191110,"1,573,381,580,054,000",screen,shown,garage
b4b54fbe9d483257178e168e0ed895c7,20191110,"1,573,398,392,983,030",screen,shown,chapter_select_screen
cc7b944155510be3835fba3d931ac76b,20191110,"1,573,356,054,204,010",screen,shown,chapter_select_screen
5B5D51AFD6784A2986AE6C806DD6EBDF,20191110,"1,573,377,829,677,010",screen,shown,garage
fd0aed11f4d1fd07e184eff7fe92f509,20191110,"1,573,392,434,615,000",screen,shown,store
6a01d0fba589eab8f65093a7b4c377c5,20191110,"1,573,377,166,945,010",screen,shown,chapter_select_screen
90ed585813c94d515ab5fb247a610446,20191110,"1,573,347,068,052,040",screen,shown,chapter_select_screen
e48e1a8b4238c47c856ad98cbf9814be,20191110,"1,573,355,881,174,010",screen,shown,chapter_select_screen
e48e1a8b4238c47c856ad98cbf9814be,20191110,"1,573,382,359,818,010",screen,shown,more_games_screen
5aa693529197c00de379e77270e7cbe9,20191110,"1,573,388,896,307,000",screen,shown,store
5aa693529197c00de379e77270e7cbe9,20191110,"1,573,388,901,921,000",screen,shown,chapter_select_screen
758890c572a492415b49d7673bd4a14d,20191110,"1,573,381,528,158,000",screen,shown,chapter_select_screen
bf63ecc5331df5b68c401f0539ba4018,20191110,"1,573,355,766,987,020",screen,shown,garage
1f2db9b69299b23bf1c93882de61af83,20191110,"1,573,357,702,756,020",screen,shown,more_games_screen
89730b687ef8012952e5b1e06c773a0d,20191110,"1,573,365,719,740,020",screen,shown,chapter_select_screen
841f7f4c5206b195246113376f511068,20191110,"1,573,367,959,236,000",screen,shown,chapter_select_screen
841f7f4c5206b195246113376f511068,20191110,"1,573,373,946,412,010",screen,shown,chapter_select_screen
841f7f4c5206b195246113376f511068,20191110,"1,573,374,956,422,000",screen,shown,chapter_select_screen
841f7f4c5206b195246113376f511068,20191110,"1,573,374,980,534,020",screen,shown,more_games_screen
080783267f43df1470aab6806aa8c113,20191110,"1,573,409,879,661,030",screen,shown,chapter_select_screen
05469e028a07527e526e8246af19c11a,20191110,"1,573,374,119,657,000",screen,shown,chapter_select_screen
49f3cd8d1fe089ab17e9a04381808749,20191110,"1,573,417,340,092,000",screen,shown,chapter_select_screen
c0c442cc974bdf36c2442a3d87a41799,20191110,"1,573,389,642,943,020",screen,shown,garage
14d1f9c4e9543fdce508218e88cdf2f7,20191110,"1,573,372,876,746,000",screen,shown,chapter_select_screen
5833e5e184c61fedd059c5953b176f9e,20191110,"1,573,361,697,232,010",screen,shown,chapter_select_screen
58d42ab3ae271e1697d84b61f2e3da7f,20191110,"1,573,378,719,661,000",screen,shown,chapter_select_screen
D55CC83994FA48FF8EAB6B0C5569041B,20191110,"1,573,376,482,657,000",screen,shown,store
D55CC83994FA48FF8EAB6B0C5569041B,20191110,"1,573,400,881,834,080",screen,shown,chapter_select_screen
20934c30f67b2508836835bf33a3c177,20191110,"1,573,420,368,864,000",screen,shown,chapter_select_screen
1bbfda47414949849c4ce82f6bf05624,20191110,"1,573,354,748,890,010",screen,shown,more_games_screen
6815e68854c3befb2d0dbf6dd011fd58,20191110,"1,573,355,005,467,020",screen,shown,chapter_select_screen
161ee9b7121e332daf3feef41162fc57,20191110,"1,573,418,491,702,010",screen,shown,garage
74b278ee7cf6d2c039e474dd9e6b57a2,20191110,"1,573,421,249,816,010",screen,shown,garage
666862082a966b06bbcd355eadf8ea61,20191110,"1,573,401,717,964,010",screen,shown,garage
fe658311831dc5cdddc41ea2cf38b42b,20191110,"1,573,352,139,364,000",screen,shown,chapter_select_screen
7d2fc73f3f74909b7f4b8203406a0696,20191110,"1,573,415,954,577,010",screen,shown,garage
7d2fc73f3f74909b7f4b8203406a0696,20191110,"1,573,417,100,046,010",screen,shown,garage
fd4aeea5135e1343aaecb66fd39ebe6e,20191110,"1,573,416,150,813,000",screen,shown,chapter_select_screen
3906A49C48A84BD988706554AC961CD7,20191110,"1,573,352,554,159,000",screen,shown,garage
a0c45681fb5b02ab020d0a7948694533,20191110,"1,573,348,915,315,020",screen,shown,garage
1e337881905968222bd8779c3ea8b88f,20191110,"1,573,415,925,845,000",screen,shown,chapter_select_screen
1e337881905968222bd8779c3ea8b88f,20191110,"1,573,415,995,462,030",screen,shown,chapter_select_screen
7a22df8abea0e59dcbd8e58c1b49d4cd,20191110,"1,573,366,073,422,000",screen,shown,chapter_select_screen
aa14b6fb20788f1f029987baff812fab,20191110,"1,573,407,803,126,010",screen,shown,chapter_select_screen
A1AAB361407A45E5A73BBC4EF9F07D34,20191110,"1,573,427,545,286,000",screen,shown,garage
dfb7e3d505ccbec750fd3446470ed68b,20191110,"1,573,426,873,928,010",screen,shown,garage
42E8CC1E74C546449C654BCCD7E28C7D,20191110,"1,573,393,673,143,000",screen,shown,chapter_select_screen
36bde0dc1f7d63cbb5fb740b56409844,20191110,"1,573,401,932,713,000",screen,shown,chapter_select_screen
63b1f6604d98b5a780764e9dda612ddc,20191110,"1,573,391,318,153,010",screen,shown,more_games_screen
63b1f6604d98b5a780764e9dda612ddc,20191110,"1,573,391,556,323,010",screen,shown,chapter_select_screen
b1348d991156c1567d5e96271e00c62b,20191110,"1,573,421,707,499,000",screen,shown,chapter_select_screen
78bced3b8d3a56bdbfece2ac1cf3d477,20191110,"1,573,388,084,556,000",screen,shown,chapter_select_screen
7b80c7629b2317e15edd0c76b6ae314a,20191110,"1,573,412,015,282,010",screen,shown,chapter_select_screen
c5172d5181da9def31220a5c362bc3e5,20191110,"1,573,356,223,715,000",screen,shown,chapter_select_screen
c5172d5181da9def31220a5c362bc3e5,20191110,"1,573,384,533,443,000",screen,shown,chapter_select_screen
8c78637c857e946a52b772d27c371fa1,20191110,"1,573,407,034,178,000",screen,shown,chapter_select_screen
443cfe9b9f5220bd0cf19d89ccf2d7a3,20191110,"1,573,416,688,028,010",screen,shown,chapter_select_screen
dbf2690d045128b55479b9d2c58070de,20191110,"1,573,364,852,508,010",screen,shown,chapter_select_screen
f44db6a72f99bca90cb3e9db8024962b,20191110,"1,573,388,728,750,000",screen,shown,chapter_select_screen
2cc56b325226ad03384237b78e552c62,20191110,"1,573,425,997,186,020",screen,shown,garage
04D5A3AB633542B2AA9A2E33B1C9E793,20191110,"1,573,353,531,496,000",screen,shown,chapter_select_screen
736437E23A8C4292BF3FD8FBA31DA0C6,20191110,"1,573,402,656,668,020",screen,shown,chapter_select_screen
9e713901bdefe504fd9ac48ce8868cb9,20191110,"1,573,401,961,390,000",screen,shown,chapter_select_screen
3d3c6e6e247cb1c05252737cc36710a2,20191110,"1,573,394,038,281,020",screen,shown,garage
378c55eefbde16fc479b2b41b00c937e,20191110,"1,573,408,402,667,000",screen,shown,chapter_select_screen
26b21fae5e0aaf75d789eb5cd733d16f,20191110,"1,573,404,326,729,000",screen,shown,chapter_select_screen
e9148122be986951dbd9715ea29a3007,20191110,"1,573,409,798,566,010",screen,shown,chapter_select_screen
8efa10320647451ff82f88fcdafce6c6,20191110,"1,573,360,559,909,000",screen,shown,chapter_select_screen
20ffc357fbab3e7e1a084a77866b3387,20191110,"1,573,410,970,249,060",screen,shown,more_games_screen
1ff5a994b023bdac768d12706c354ea5,20191110,"1,573,427,769,137,000",screen,shown,chapter_select_screen
0f525e38b8dc04979803c2d4bce1f20c,20191110,"1,573,409,378,992,000",screen,shown,chapter_select_screen
8c1d4e0a0d0c280b03068dece9bf383d,20191110,"1,573,355,916,315,010",screen,shown,garage
733e2cf2f5a4fcb2d8bf48445fbf080c,20191110,"1,573,358,397,507,000",screen,shown,more_games_screen
bbc4e6395ecee95ec003ca77d06fa9b3,20191110,"1,573,376,758,677,010",screen,shown,more_games_screen
af091e99aef140ffd589ae38fd9f53f1,20191110,"1,573,352,924,293,000",screen,shown,chapter_select_screen
666a3ba72558d264c1ccf0372c16f77e,20191110,"1,573,398,795,742,010",screen,shown,more_games_screen
ad4ffcb9dd236601f672cc24855685bc,20191110,"1,573,405,954,435,000",screen,shown,chapter_select_screen
eed721585117ea089448cd91bd4b2170,20191110,"1,573,384,980,527,000",screen,shown,chapter_select_screen
34e1bb6ffe1de7da8a2bd1bb786d8096,20191110,"1,573,423,477,791,000",screen,shown,chapter_select_screen
C9B7921149854D30AA447085C8047622,20191110,"1,573,409,325,803,000",screen,shown,more_games_screen
B5E6A9ECBAF3412A95708523E8F7A4E4,20191110,"1,573,425,066,766,000",screen,shown,chapter_select_screen
4618BA0D918B44989361EC9D652FD514,20191110,"1,573,406,574,111,010",screen,shown,garage
4618BA0D918B44989361EC9D652FD514,20191110,"1,573,425,250,262,010",screen,shown,garage
9058A534880047AB8868668FA20665CD,20191110,"1,573,410,521,679,010",screen,shown,chapter_select_screen
97D9BCE7B35945B6A367DD848348BAFE,20191110,"1,573,411,692,821,000",screen,shown,store
DFE678E720CB43E9A33B9ABD67CFCE52,20191110,"1,573,392,943,406,000",screen,shown,chapter_select_screen
1516DB46DDFB4A81B7D3C24B708F6A99,20191110,"1,573,392,752,561,000",screen,shown,chapter_select_screen
455895FC28B14882BED1FFF1E4B56A9C,20191110,"1,573,353,451,231,000",screen,shown,chapter_select_screen
7A8BFF8820984851BFFD27FFD9C272CB,20191110,"1,573,426,299,320,010",screen,shown,garage
6BBEC09B29714712A668A22F9A61C208,20191110,"1,573,344,913,478,000",screen,shown,chapter_select_screen
31CE23CE38AD4841B1074265125972CB,20191110,"1,573,351,156,015,010",screen,shown,garage
31CE23CE38AD4841B1074265125972CB,20191110,"1,573,353,227,742,000",screen,shown,store
62993FA86C7A4CB39203ACEB0A7CEE42,20191110,"1,573,405,357,572,000",screen,shown,chapter_select_screen
6FA1465E135A429F9B1D6739A0E3EE9C,20191110,"1,573,399,008,573,010",screen,shown,garage
827BC8B491E64648885B3587F5D86D1D,20191110,"1,573,346,597,856,010",screen,shown,garage
2CE1770D7EE44CA7B5B7C9E1E66701DD,20191110,"1,573,348,536,165,010",screen,shown,chapter_select_screen
6E6394C908C74E19981F03F1C16BC49C,20191110,"1,573,348,575,660,030",screen,shown,chapter_select_screen
F925156C6C2D47AF8123A7FACA22E760,20191110,"1,573,407,956,440,000",screen,shown,chapter_select_screen
a8bd008a57882f66be85c20956f0e44d,20191110,"1,573,347,777,342,010",screen,shown,chapter_select_screen
9e4065fb1e629621ae76be1db739e2ea,20191110,"1,573,406,336,375,000",screen,shown,chapter_select_screen
ffe63cefd057fc30fcb3a4239db6ae9a,20191110,"1,573,409,477,332,000",screen,shown,chapter_select_screen
ffe63cefd057fc30fcb3a4239db6ae9a,20191110,"1,573,410,075,757,000",screen,shown,chapter_select_screen
494adb85d2bd124a4ba056dcc6d91949,20191110,"1,573,418,068,888,010",screen,shown,chapter_select_screen
7B507EFBC96E4B25BBC9CD52A0ACEF2E,20191110,"1,573,395,343,112,000",screen,shown,chapter_select_screen
a62cdbc0a3b0b04d1430f0c4e2bb9760,20191110,"1,573,396,605,986,000",screen,shown,chapter_select_screen
ab1ec3fbea2ca6c63fe15c0ea0265c4f,20191110,"1,573,399,216,258,000",screen,shown,chapter_select_screen
8d03ee491bc56509493d59660112d6ec,20191110,"1,573,402,474,714,000",screen,shown,chapter_select_screen
eaec0c825bc5bce7a68a7917b6a547ae,20191110,"1,573,397,209,279,000",screen,shown,chapter_select_screen
81c6d3ab74c9d471c05dcab00bb49cee,20191110,"1,573,347,746,424,000",screen,shown,chapter_select_screen
60706a66bcf4c80c6f1db5dc339114ca,20191110,"1,573,389,563,191,000",screen,shown,chapter_select_screen
45bec686c78c2501fbb81eb8bd57416a,20191110,"1,573,386,393,130,000",screen,shown,chapter_select_screen
45bec686c78c2501fbb81eb8bd57416a,20191110,"1,573,388,277,986,000",screen,shown,chapter_select_screen
ec9986c83390709ddb54d9f61c61b71d,20191110,"1,573,413,391,123,010",screen,shown,garage
42cdeac121d95d2d5e2133c32b1e3d73,20191110,"1,573,403,071,443,010",screen,shown,chapter_select_screen
dd0a0e8adcb28ffb6d6980e5255f87d2,20191110,"1,573,409,251,446,010",screen,shown,chapter_select_screen
f94a16d2d355daad947e8cd3fee49c12,20191110,"1,573,402,247,465,000",screen,shown,store
ed848fe2785a437ec512fabf9aeb697b,20191110,"1,573,381,696,807,000",screen,shown,more_games_screen
8a290a5951f7b7c285915597d5c446f2,20191110,"1,573,388,177,862,010",screen,shown,chapter_select_screen
796fd035eab2ec7b0785a634aa1ebe95,20191110,"1,573,404,694,781,000",screen,shown,chapter_select_screen
c9ce39f2bb5d73e7de26c1a12eed1a7e,20191110,"1,573,376,600,108,000",screen,shown,chapter_select_screen
2dfa25a3fb2ab396e1743ca47e249356,20191110,"1,573,401,608,016,000",screen,shown,chapter_select_screen
f287ad35e25ba55defd17a5fff31dd8e,20191110,"1,573,393,260,502,010",screen,shown,chapter_select_screen
13e7ae8e4088bc40539a0cd74a21fea1,20191110,"1,573,387,423,831,010",screen,shown,garage
99bfbc9486be3d4bc78cef595abfbcb3,20191110,"1,573,365,604,201,000",screen,shown,chapter_select_screen
533589f4bb0e34318f30183a3a7acb5c,20191110,"1,573,413,534,552,000",screen,shown,chapter_select_screen
a9c6c2f912f300ea1af19a31d6fafb26,20191110,"1,573,387,106,600,010",screen,shown,garage
9ddbcf51d4bac40acc41a9ce5f67d1ce,20191110,"1,573,411,972,596,000",screen,shown,chapter_select_screen
f4aa41aab1d8cf9a0a4cf46d96e71a0f,20191110,"1,573,386,546,260,000",screen,shown,chapter_select_screen
3f50a70f6d71205e936542f562f92546,20191110,"1,573,378,542,666,000",screen,shown,chapter_select_screen
b00dea16757091baa9daed8faf7076d5,20191110,"1,573,408,717,934,000",screen,shown,more_games_screen
b00dea16757091baa9daed8faf7076d5,20191110,"1,573,409,793,880,000",screen,shown,store
bcb2f066f9be0ea395d2120eef591b38,20191110,"1,573,348,969,930,010",screen,shown,garage
7d31548173a862479d92d59a2ddf58ba,20191110,"1,573,387,492,844,010",screen,shown,garage
482943180a9811a18f7f383f3e7b9d90,20191110,"1,573,423,800,111,010",screen,shown,garage
6d29a5d9361ea68f7cda45d34e1e66eb,20191110,"1,573,390,456,398,010",screen,shown,garage
83b5d3591defedd39e4f2654fcc69d12,20191110,"1,573,418,198,851,000",screen,shown,chapter_select_screen
8e01829ca1e746b22e8be6053e65dbb7,20191110,"1,573,410,589,566,020",screen,shown,garage
4b4e0ee4a358bd5bb48e1ad5fea763eb,20191110,"1,573,390,627,880,020",screen,shown,garage
a2ac4c56a0efc4a023ce5f0fdb9f1dc5,20191110,"1,573,380,216,122,020",screen,shown,garage
9066efdce8c89e74972a3c10bff09f8d,20191110,"1,573,414,166,512,010",screen,shown,garage
dd30f6b301fde44012b8ea73b5863ece,20191110,"1,573,382,168,189,010",screen,shown,garage
7a2f2449cd141bd5e6dc8be556a2849a,20191110,"1,573,384,917,795,010",screen,shown,chapter_select_screen
ccbc57bca3840d55398f1e30f1ed0b9f,20191110,"1,573,410,346,590,000",screen,shown,garage
8c629ca77e4c5d9ce42d17019eb196b2,20191110,"1,573,392,374,921,000",screen,shown,chapter_select_screen
887b7b6490b912fd64912333656b98fb,20191110,"1,573,406,690,111,010",screen,shown,garage
5ffa3d3de59dc543794276b2e888e394,20191110,"1,573,393,749,156,020",screen,shown,garage
8209616f03bea101318f7b92ae201359,20191110,"1,573,395,024,223,000",screen,shown,chapter_select_screen
34b137778efd58d416e416437a69265e,20191110,"1,573,411,814,566,010",screen,shown,garage
8563e3815b43f7639f97f1df9802941d,20191110,"1,573,414,772,799,010",screen,shown,garage
624b2b757cfd020351831895dfc336ef,20191110,"1,573,406,603,790,000",screen,shown,chapter_select_screen
8264b0d1ff9aaadc4451c9bb2804cd92,20191110,"1,573,394,188,091,040",screen,shown,chapter_select_screen
57e3ac32c20e5f089c98d9e9e2d88d37,20191110,"1,573,409,250,172,010",screen,shown,garage
57e3ac32c20e5f089c98d9e9e2d88d37,20191110,"1,573,420,871,157,010",screen,shown,chapter_select_screen
e609b4f91ea13a924991fb23114d725e,20191110,"1,573,396,792,575,000",screen,shown,store
32cef6f7d71f978fd58859255c054701,20191110,"1,573,376,774,739,000",screen,shown,chapter_select_screen
0b8ece34393fef61927fd41500e214ea,20191110,"1,573,401,715,095,000",screen,shown,chapter_select_screen
732ef599ebec1d845d09730b9f7c7f58,20191110,"1,573,385,655,443,010",screen,shown,garage
f3e8abae1167e851d05f6151ba845b76,20191110,"1,573,397,335,338,010",screen,shown,garage
b2bc661c1681397949a84ce4084cd540,20191110,"1,573,389,344,809,000",screen,shown,chapter_select_screen
c574e6e4837856df3456bc57e4853e50,20191110,"1,573,424,946,066,010",screen,shown,garage
af751565ed6cd16bcc96f1afd1658213,20191110,"1,573,384,371,445,010",screen,shown,garage
2f5093d2d28035cfad49af3fdefec730,20191110,"1,573,409,820,142,010",screen,shown,chapter_select_screen
4e6ceb1a1a8208a76804cccd5d6de13a,20191110,"1,573,360,973,259,000",screen,shown,chapter_select_screen
4e6ceb1a1a8208a76804cccd5d6de13a,20191110,"1,573,360,973,849,000",screen,shown,garage
4e6ceb1a1a8208a76804cccd5d6de13a,20191110,"1,573,360,977,231,000",screen,shown,chapter_select_screen
1a3118fa3272bcfd677b79f08f7034c8,20191110,"1,573,417,031,325,010",screen,shown,chapter_select_screen
962c9fc9c49fb8c657ae175d5f00dd47,20191110,"1,573,356,731,687,000",screen,shown,chapter_select_screen
962c9fc9c49fb8c657ae175d5f00dd47,20191110,"1,573,356,736,151,000",screen,shown,more_games_screen
7ee0fb4f8dca33f9637bd08f128465d2,20191110,"1,573,407,764,803,010",screen,shown,garage
2b8167831284b8cb2dc31d3b1f02b07a,20191110,"1,573,366,441,697,020",screen,shown,chapter_select_screen
94ac0a33a81fec8915c55bc9af3f65e4,20191110,"1,573,402,881,192,010",screen,shown,garage
7fd8a4e3f56350ace340218efc44655a,20191110,"1,573,382,830,182,010",screen,shown,chapter_select_screen
6d0d4a3fb573112febcc07df02da760d,20191110,"1,573,384,471,759,010",screen,shown,chapter_select_screen
6d0d4a3fb573112febcc07df02da760d,20191110,"1,573,388,888,579,000",screen,shown,chapter_select_screen
ef75698a72e093dce289d3697656bd1b,20191110,"1,573,406,041,739,010",screen,shown,chapter_select_screen
2c5c11428d8764362a854060c36caf8d,20191110,"1,573,375,757,944,010",screen,shown,chapter_select_screen
ed5c19953d2a3439b40925bc583ca406,20191110,"1,573,419,481,623,000",screen,shown,chapter_select_screen
62e8a6a6d7831f4e8cdf005e422f1ce6,20191110,"1,573,383,754,198,010",screen,shown,chapter_select_screen
470992e29bc392045c0826a2671ebeb9,20191110,"1,573,372,752,150,000",screen,shown,chapter_select_screen
65b3169e41d3415d0211a958381a5cf1,20191110,"1,573,409,124,644,030",screen,shown,more_games_screen
ee8e295a08a7497d9e2606b2063cf025,20191110,"1,573,399,928,655,010",screen,shown,garage
adeddd5fc253829b1ddd4d2d64573483,20191110,"1,573,403,542,186,000",screen,shown,chapter_select_screen
57b42b5e65c30ad5ea8d780fa4ba7e98,20191110,"1,573,380,833,429,000",screen,shown,store
98671a67fa48be82fc4e44a7327d1d23,20191110,"1,573,379,602,180,010",screen,shown,chapter_select_screen
2a2378aa95407610b5f4477e6a7836df,20191110,"1,573,375,616,321,000",screen,shown,store
59f4ffd2118495e70c3be1e6b82e1a55,20191110,"1,573,388,963,094,010",screen,shown,garage
f5632d023d983284fa2d4cf3ce18dbbd,20191110,"1,573,388,951,726,030",screen,shown,chapter_select_screen
39E0EA25319E44C5AFB7AA28F4243568,20191110,"1,573,376,927,805,000",screen,shown,chapter_select_screen
2F0484B4FD2A4FD3BF69055D10EA5C6D,20191110,"1,573,408,910,358,000",screen,shown,chapter_select_screen
2F0484B4FD2A4FD3BF69055D10EA5C6D,20191110,"1,573,408,949,281,000",screen,shown,chapter_select_screen
623CF483B6F2452FAC5216D6E89A4B68,20191110,"1,573,403,077,833,000",screen,shown,more_games_screen
DDDDC6E026AB49CE89E0609C7E4FE36F,20191110,"1,573,391,087,855,000",screen,shown,chapter_select_screen
3559CE8BAFF841588C42126931F2B7AF,20191110,"1,573,386,766,713,000",screen,shown,chapter_select_screen
240DCC185A354EC09DF0335DD8E4349A,20191110,"1,573,386,877,431,000",screen,shown,chapter_select_screen
d0dea05489f37ecfb14191cd298e7fe6,20191110,"1,573,400,365,140,030",screen,shown,chapter_select_screen
2799786f6576297079062108e7f3a241,20191110,"1,573,418,119,536,000",screen,shown,chapter_select_screen
3f99091dc012ef6c74510e3b0b36fd1e,20191110,"1,573,424,779,376,010",screen,shown,chapter_select_screen
cd628a0914c9f9a05733852b07bf7d15,20191110,"1,573,398,041,799,000",screen,shown,chapter_select_screen
b1be52106700e982d61da661071f90f5,20191110,"1,573,385,246,066,010",screen,shown,garage
cc905e984bb4a83496e35d0ea6469af7,20191110,"1,573,370,224,604,000",screen,shown,chapter_select_screen
8fec58edaf63bfa1f71adf6b01972403,20191110,"1,573,398,913,630,020",screen,shown,chapter_select_screen
1adc461f2f0a44bdc575ed28d8a9a356,20191110,"1,573,413,441,139,060",screen,shown,chapter_select_screen
5408e67299e4f9042da949bd37c1f6f0,20191110,"1,573,384,474,675,010",screen,shown,garage
e97b1b78d1a9c403d44dfd5810f59c97,20191110,"1,573,403,970,073,000",screen,shown,chapter_select_screen
3b4d3177673df40589dfcab80a050818,20191110,"1,573,358,747,378,000",screen,shown,garage
c45a9d35dab374490f05c455cc8b81dd,20191110,"1,573,397,585,289,000",screen,shown,more_games_screen
c96c62c166a76259fd1359472ae17c5e,20191110,"1,573,382,597,418,070",screen,shown,garage
13885b58a0160f8409f95f84f6c3241a,20191110,"1,573,394,486,935,000",screen,shown,more_games_screen
b408f98385b0a980557e805a6a66021b,20191110,"1,573,402,473,979,000",screen,shown,chapter_select_screen
4d2317968884c285cd1e5e3fd08dbde6,20191110,"1,573,372,122,525,010",screen,shown,chapter_select_screen
24c1726b9777c03884f2d26ecff72043,20191110,"1,573,393,528,717,000",screen,shown,chapter_select_screen
4a56ec7f089ca6b8f5d772a5b59f536c,20191110,"1,573,372,474,902,010",screen,shown,chapter_select_screen
e276654eca73b57837c08aa6369f73c5,20191110,"1,573,369,306,947,010",screen,shown,garage
a40231c79a075158efeb98ced4d2de94,20191110,"1,573,379,520,837,000",screen,shown,chapter_select_screen
81d926bd743a2e802b75f305fe603823,20191110,"1,573,376,643,738,000",screen,shown,chapter_select_screen
cd9f6394aa093c5f7e4aeb41ddc3eaa3,20191110,"1,573,404,294,843,000",screen,shown,chapter_select_screen
d38218458701e504d733181524d20580,20191110,"1,573,385,131,722,020",screen,shown,chapter_select_screen
1958455ab46a92044bf13810d0448aba,20191110,"1,573,372,886,392,010",screen,shown,garage
71e736819a4ff363cf5bb8b6e5ef5417,20191110,"1,573,367,675,061,020",screen,shown,garage
71e736819a4ff363cf5bb8b6e5ef5417,20191110,"1,573,388,387,596,000",screen,shown,store
df68c59c8de18c66d8f69f186ce404fb,20191110,"1,573,394,442,262,000",screen,shown,store
f74ad41c5fc0e9f1b463f2f6dbcc9fb2,20191110,"1,573,393,906,149,010",screen,shown,garage
d3a8972317f7f1946512f8f479c8cbd3,20191110,"1,573,404,305,493,010",screen,shown,chapter_select_screen
d3b48c8f29fbbe73a73d522a44aeaa3d,20191110,"1,573,373,760,392,000",screen,shown,store
ee9bb080581cd59067f7c51bf7a1b41b,20191110,"1,573,378,231,049,000",screen,shown,garage
a52f8479a60869e579fc46295355e3dd,20191110,"1,573,384,423,099,010",screen,shown,garage
1d055206049cdb1202b65fa6e79128a7,20191110,"1,573,382,884,387,000",screen,shown,chapter_select_screen
92f94206596ea7b25d835fdfd3a5cc5d,20191110,"1,573,384,082,265,000",screen,shown,more_games_screen
7b59e429ae154cf2a332acc8b14fd545,20191110,"1,573,415,540,710,010",screen,shown,chapter_select_screen
8fd4c88f837e970ad786e049da2f8e0a,20191110,"1,573,393,417,966,000",screen,shown,chapter_select_screen
179d530c8578c97a815ad61a1e24d8e4,20191110,"1,573,404,043,681,000",screen,shown,garage
265d8ef5d06a8301b9cb43ae330a25ee,20191110,"1,573,414,658,112,020",screen,shown,garage
0b5d325bbbae59dcafaaa3f836d6ed9b,20191110,"1,573,376,202,033,010",screen,shown,garage
3b3850e5698e752f474ccd27a743bd8d,20191110,"1,573,395,113,951,010",screen,shown,garage
3b27f19a35c4ae559b261ca87c47a4de,20191110,"1,573,374,143,004,000",screen,shown,more_games_screen
0f9304eff64f849a3b14b8978c5a519c,20191110,"1,573,374,710,835,000",screen,shown,chapter_select_screen
0f9304eff64f849a3b14b8978c5a519c,20191110,"1,573,374,727,935,010",screen,shown,chapter_select_screen
c06cd8844f3d5e7304112a7a4804a6b4,20191110,"1,573,418,850,623,010",screen,shown,chapter_select_screen
15c5f6716158e8fc9b64404d44f4b662,20191110,"1,573,385,425,270,000",screen,shown,chapter_select_screen
2b0cefad5f25ede0c41a1181fcd032ac,20191110,"1,573,386,468,500,000",screen,shown,store
fb17aa311be015d327857654da21d67d,20191110,"1,573,391,581,764,010",screen,shown,garage
fa77bb6bbdbcf16cd2a29c3143e5d19f,20191110,"1,573,344,931,914,020",screen,shown,chapter_select_screen
fa77bb6bbdbcf16cd2a29c3143e5d19f,20191110,"1,573,386,155,172,000",screen,shown,garage
e7ff0c6c4cd857691cb095c853f7eb2f,20191110,"1,573,419,380,956,010",screen,shown,garage
e55936bc67d73a9ad7c0a090e4a4c70f,20191110,"1,573,410,551,786,000",screen,shown,chapter_select_screen
3a6986a3870a380d6d8914a32bacb050,20191110,"1,573,399,916,833,000",screen,shown,chapter_select_screen
808a2f01bfc1c9e1838dc5bf703aa132,20191110,"1,573,363,935,212,000",screen,shown,chapter_select_screen
b296eb2fc10c40e0e051b5235c514e96,20191110,"1,573,365,892,845,000",screen,shown,chapter_select_screen
2b889f8c431f5c06b83e25afdd86061b,20191110,"1,573,399,897,083,000",screen,shown,chapter_select_screen
6b93896e8412ec543f8edc50564937e2,20191110,"1,573,401,361,076,000",screen,shown,chapter_select_screen
6b93896e8412ec543f8edc50564937e2,20191110,"1,573,401,361,077,000",screen,shown,more_games_screen
6b93896e8412ec543f8edc50564937e2,20191110,"1,573,418,790,315,000",screen,shown,chapter_select_screen
ade9fb18ff63c3f49a51fd60f5f702b4,20191110,"1,573,387,795,512,010",screen,shown,chapter_select_screen
5221fb2d8fbe81f71099af4698a75cd0,20191110,"1,573,373,374,524,000",screen,shown,chapter_select_screen
d722dede6735b799039c7b951ce9bd88,20191110,"1,573,369,493,782,000",screen,shown,chapter_select_screen
477c1642cdd9336f53ad98680a8b7022,20191110,"1,573,344,152,997,010",screen,shown,chapter_select_screen
84da9eadcef4aabf91a303747875a4cb,20191110,"1,573,420,763,580,000",screen,shown,chapter_select_screen
86dbb482ea2cf1c8650e906750f8f170,20191110,"1,573,372,813,338,000",screen,shown,store
83a607b17aa378749a1ca2c5611421bd,20191110,"1,573,384,902,579,000",screen,shown,chapter_select_screen
87970B0E773547A3B2BAB23167F18BF7,20191110,"1,573,359,219,690,010",screen,shown,garage
431D2FA3EC1F4E1E8C04B7C7842D4F17,20191110,"1,573,410,456,758,000",screen,shown,chapter_select_screen
7759403E4E724AF78D607A2882A7D019,20191110,"1,573,412,887,609,020",screen,shown,chapter_select_screen
7759403E4E724AF78D607A2882A7D019,20191110,"1,573,412,897,110,020",screen,shown,chapter_select_screen
7759403E4E724AF78D607A2882A7D019,20191110,"1,573,413,419,523,010",screen,shown,chapter_select_screen
64A8944954E54C0F81715CE7F4C661C1,20191110,"1,573,344,026,477,000",screen,shown,chapter_select_screen
64A8944954E54C0F81715CE7F4C661C1,20191110,"1,573,383,717,672,000",screen,shown,chapter_select_screen
38C8D6EA2150429687A576FE8B85DD2A,20191110,"1,573,375,902,530,000",screen,shown,chapter_select_screen
CD8FBBE9589F4CB089F7C010142915AD,20191110,"1,573,385,228,720,000",screen,shown,chapter_select_screen
CD8FBBE9589F4CB089F7C010142915AD,20191110,"1,573,392,729,483,010",screen,shown,garage
014203AFA3F949CFA19E144DB371950F,20191110,"1,573,412,585,512,000",screen,shown,garage
02F24F005F7B438AA9EF21AB2303936C,20191110,"1,573,380,291,582,030",screen,shown,more_games_screen
02F24F005F7B438AA9EF21AB2303936C,20191110,"1,573,409,034,469,000",screen,shown,chapter_select_screen
66615065D7154788AB23FF91C5F85CEA,20191110,"1,573,378,465,295,030",screen,shown,garage
287EEFF824BC44EFA931D1FB6E3AEFE4,20191110,"1,573,399,805,459,000",screen,shown,garage
B55FBD2D493740C0880A04FB466B38DD,20191110,"1,573,370,725,168,020",screen,shown,more_games_screen
B55FBD2D493740C0880A04FB466B38DD,20191110,"1,573,409,850,600,010",screen,shown,chapter_select_screen
5D870BFED4224358AA3D957F975A1E2F,20191110,"1,573,382,417,710,010",screen,shown,chapter_select_screen
96AC40168ABB42B5B719D40E0A8FBD5A,20191110,"1,573,427,576,812,010",screen,shown,garage
64BBD8EE182B4625964C52ED2F5CB318,20191110,"1,573,417,676,872,000",screen,shown,garage
6CD38701795C43299A53DD6C74C47893,20191110,"1,573,390,118,348,020",screen,shown,garage
17B579F6433A4C20BDA0A3461CA8B9F4,20191110,"1,573,370,159,741,000",screen,shown,chapter_select_screen
17B579F6433A4C20BDA0A3461CA8B9F4,20191110,"1,573,370,161,576,000",screen,shown,chapter_select_screen
11763567628E4CB89843A8C329C48057,20191110,"1,573,401,072,827,000",screen,shown,chapter_select_screen
8983C4CA1576424EAA202CE5FF5F5DDD,20191110,"1,573,391,116,198,000",screen,shown,store
A782B649247B44ED9E049F58B1E92199,20191110,"1,573,405,861,932,000",screen,shown,chapter_select_screen
6B4D80F4BB92410BBE9611E96C177152,20191110,"1,573,376,369,620,000",screen,shown,store
6B4D80F4BB92410BBE9611E96C177152,20191110,"1,573,416,582,807,000",screen,shown,chapter_select_screen
6B00955C10894286A7B1D4475A7F9831,20191110,"1,573,404,724,847,030",screen,shown,chapter_select_screen
6B00955C10894286A7B1D4475A7F9831,20191110,"1,573,404,731,252,030",screen,shown,chapter_select_screen
6B00955C10894286A7B1D4475A7F9831,20191110,"1,573,404,783,808,060",screen,shown,chapter_select_screen
6B00955C10894286A7B1D4475A7F9831,20191110,"1,573,404,974,869,010",screen,shown,chapter_select_screen
FFF7D8C850FA4E97AA80F0B68C3E2E6B,20191110,"1,573,355,638,838,020",screen,shown,garage
5A4551F601644FE1820459A2E1721389,20191110,"1,573,380,688,866,010",screen,shown,chapter_select_screen
E025B70373DE43EFAC51C40DA0F0A05B,20191110,"1,573,373,898,303,010",screen,shown,chapter_select_screen
25800152D3D7470784D57FAF8DC12CEC,20191110,"1,573,399,243,418,000",screen,shown,garage
25800152D3D7470784D57FAF8DC12CEC,20191110,"1,573,399,684,299,000",screen,shown,chapter_select_screen
0f3c0f4ec9934894bef83e0b079140d2,20191110,"1,573,418,153,658,010",screen,shown,garage
0f3c0f4ec9934894bef83e0b079140d2,20191110,"1,573,418,201,021,000",screen,shown,chapter_select_screen
205A3833C8B4400C886BE2478A2CD104,20191110,"1,573,393,759,351,010",screen,shown,more_games_screen
3488218AD71541F29534EC0AF621064D,20191110,"1,573,404,523,840,000",screen,shown,chapter_select_screen
7B6393913989407D99C6417583A28B21,20191110,"1,573,406,680,002,020",screen,shown,garage
562B8B4B024545849E82F13F9C0A0A98,20191110,"1,573,412,134,018,000",screen,shown,chapter_select_screen
B97CA8D50F9A4684AC95DC49049C4D9B,20191110,"1,573,369,448,223,020",screen,shown,garage
09bf4a5d66209d878dd2411524d24b04,20191110,"1,573,386,582,331,010",screen,shown,chapter_select_screen
92a22564530e7ed8445b936cb6f2a983,20191110,"1,573,392,306,250,020",screen,shown,garage
33195f3271b871884577ab4b9e938c11,20191110,"1,573,373,345,726,010",screen,shown,more_games_screen
abe02279ab8bb4339c68e345322935a3,20191110,"1,573,345,637,118,010",screen,shown,chapter_select_screen
abe02279ab8bb4339c68e345322935a3,20191110,"1,573,389,197,806,000",screen,shown,chapter_select_screen
a1b4becf8e7ab599401d8157ab728c34,20191110,"1,573,396,145,523,000",screen,shown,chapter_select_screen
65e022793b7050d6b560f70d88df6fb3,20191110,"1,573,351,203,807,000",screen,shown,store
c7864879cf46ceafcb8d500b9f2946a7,20191110,"1,573,375,067,043,010",screen,shown,chapter_select_screen
55f369e24962c5b2959bcba67e822c26,20191110,"1,573,374,826,011,000",screen,shown,chapter_select_screen
0c4128dfb981646b55b3b71777e73ed4,20191110,"1,573,389,199,424,010",screen,shown,chapter_select_screen
c90b5e8c97ab9cafcc0d89ba2acfcbb6,20191110,"1,573,362,634,204,010",screen,shown,chapter_select_screen
9ff558e242be92a2c862eb859f1e08d4,20191110,"1,573,387,723,946,010",screen,shown,chapter_select_screen
0ab52745989d3424fd9de6f8034d437b,20191110,"1,573,391,283,603,000",screen,shown,store
23e44dadddb8d45a6f8961f3a79d9fa6,20191110,"1,573,417,741,121,000",screen,shown,chapter_select_screen
f1257e07ac83dfb2f35efdd92d605776,20191110,"1,573,412,304,499,000",screen,shown,store
e1b7a929cc36ef2c585d1a38d76217e1,20191110,"1,573,390,040,313,050",screen,shown,chapter_select_screen
94822917c013ff67dc97daf7a4550633,20191110,"1,573,375,552,509,000",screen,shown,chapter_select_screen
4daa800bcdd673ae36696f00171cec17,20191110,"1,573,361,377,714,010",screen,shown,chapter_select_screen
4daa800bcdd673ae36696f00171cec17,20191110,"1,573,361,536,115,030",screen,shown,chapter_select_screen
1e05a35b9911e8d1c421fccba67cef17,20191110,"1,573,391,061,689,010",screen,shown,chapter_select_screen
dcefec17021ed5d4d2b09f2930bd6472,20191110,"1,573,381,226,415,020",screen,shown,chapter_select_screen
cb10802f611f5d3819c0514f7b5acaba,20191110,"1,573,426,434,707,030",screen,shown,chapter_select_screen
574357e4070a3978a439ed2ea92c4c42,20191110,"1,573,394,256,457,040",screen,shown,chapter_select_screen
bc68ca2321990b446e80346e98addbb2,20191110,"1,573,405,913,521,010",screen,shown,more_games_screen
bc8cc82f3eb45b7441e04b2e1de15244,20191110,"1,573,385,275,246,000",screen,shown,garage
779e05898fd22830faefbcd107b17fb1,20191110,"1,573,395,865,410,020",screen,shown,more_games_screen
779e05898fd22830faefbcd107b17fb1,20191110,"1,573,396,106,552,040",screen,shown,more_games_screen
779e05898fd22830faefbcd107b17fb1,20191110,"1,573,396,106,982,040",screen,shown,more_games_screen
779e05898fd22830faefbcd107b17fb1,20191110,"1,573,396,302,590,000",screen,shown,chapter_select_screen
0bb30dafc7a0c311c2bb0b2365aea964,20191110,"1,573,384,261,695,010",screen,shown,garage
d2971ac2cc3a9667f918734df1c67875,20191110,"1,573,391,700,794,020",screen,shown,chapter_select_screen
6b3a3c94cefab67d4f5443700f3bc98b,20191110,"1,573,391,277,098,010",screen,shown,chapter_select_screen
41771d185566148d0ef98ee156b2cf76,20191110,"1,573,372,736,062,000",screen,shown,chapter_select_screen
812c4b7ffcab325113699db15d90b9b7,20191110,"1,573,400,267,456,010",screen,shown,garage
0f13e20f1325b5c39a9bd175d8d8a333,20191110,"1,573,378,835,919,000",screen,shown,store
0f13e20f1325b5c39a9bd175d8d8a333,20191110,"1,573,381,857,403,010",screen,shown,chapter_select_screen
0f13e20f1325b5c39a9bd175d8d8a333,20191110,"1,573,382,147,735,000",screen,shown,chapter_select_screen
0f13e20f1325b5c39a9bd175d8d8a333,20191110,"1,573,386,411,069,000",screen,shown,store
ffbc09c79d95b9b3aaf4b53d1628fbd0,20191110,"1,573,383,397,229,000",screen,shown,garage
d55bc825d76c33dfb03e53508f37ccc3,20191110,"1,573,375,494,044,000",screen,shown,store
1375f3461db8c487a9be9b3ee5665023,20191110,"1,573,365,109,055,010",screen,shown,more_games_screen
4c69da67b78b9174d28f07520fa22149,20191110,"1,573,402,858,863,020",screen,shown,chapter_select_screen
bcd9bba089338c8418ba960921cba4c3,20191110,"1,573,375,045,972,000",screen,shown,more_games_screen
d366b287df07db8ef77a1edf151627d5,20191110,"1,573,385,713,623,010",screen,shown,garage
9e06212a15e129b618a1fe65bfceda12,20191110,"1,573,381,834,526,000",screen,shown,store
9e06212a15e129b618a1fe65bfceda12,20191110,"1,573,381,843,871,000",screen,shown,more_games_screen
1eba66880bc68acd1124bfcd34369877,20191110,"1,573,397,092,483,000",screen,shown,garage
1eba66880bc68acd1124bfcd34369877,20191110,"1,573,397,106,332,010",screen,shown,garage
9f0a4c1e67befa842fb75bc9a8b53a8b,20191110,"1,573,383,650,719,000",screen,shown,chapter_select_screen
f2c96e5b9f9e6b7116d1f1cbd6a13af1,20191110,"1,573,397,750,677,010",screen,shown,garage
f2c96e5b9f9e6b7116d1f1cbd6a13af1,20191110,"1,573,397,989,823,020",screen,shown,chapter_select_screen
275695a14d7b6b3523085cff27d0e72e,20191110,"1,573,390,256,296,000",screen,shown,chapter_select_screen
d2d7357471ac9947709f71aec2960713,20191110,"1,573,382,677,240,000",screen,shown,more_games_screen
60724a0e59910b115fc36fbed6fc18fb,20191110,"1,573,374,567,092,010",screen,shown,chapter_select_screen
9ECA7F5BF54A40A29F9ECE88057FB282,20191110,"1,573,424,169,916,000",screen,shown,garage
D1D61BDEABE44143976D5D5892EAA79F,20191110,"1,573,405,588,023,000",screen,shown,garage
873130C442DD4B41B6DAD0E1C2A8096B,20191110,"1,573,410,107,072,000",screen,shown,chapter_select_screen
f46cfa712df7c56c567775ae8910be78,20191110,"1,573,375,568,326,000",screen,shown,chapter_select_screen
e5822cf29a03b55aff66558728e64e86,20191110,"1,573,385,931,167,030",screen,shown,chapter_select_screen
4a6afec0e87454cb1447563fd3054903,20191110,"1,573,401,678,085,000",screen,shown,chapter_select_screen
18fc23802383560fe2987ed73b40bdb7,20191110,"1,573,426,581,817,000",screen,shown,chapter_select_screen
da5c2f9dd1056ea5c9ee87df6b122c2d,20191110,"1,573,358,833,979,030",screen,shown,garage
133e2e4060e7e56ceb89bae097620506,20191110,"1,573,384,914,104,000",screen,shown,chapter_select_screen
fac39c0afeaca072dac319473b24c657,20191110,"1,573,354,432,805,010",screen,shown,garage
185e69f229dc38cf3e04cc1a60a0ece5,20191110,"1,573,425,129,201,000",screen,shown,chapter_select_screen
da540ed64f28b0cb54a7960588bd8ecb,20191110,"1,573,359,363,532,000",screen,shown,chapter_select_screen
d02c0f1129a4df9f1880de3054bcf215,20191110,"1,573,390,690,146,000",screen,shown,chapter_select_screen
603befdbed4cce84f947e36609f69ee9,20191110,"1,573,369,505,417,000",screen,shown,chapter_select_screen
310f8cd94e15216bc9f4e052165f2008,20191110,"1,573,381,780,442,010",screen,shown,garage
a2453dca08473ddd0c5937ee6be3b942,20191110,"1,573,367,704,370,010",screen,shown,garage
8614479c65e782e6859bf73313e6f22b,20191110,"1,573,407,065,802,000",screen,shown,store
cced146f478d99254cbeab59623943c7,20191110,"1,573,386,268,351,010",screen,shown,chapter_select_screen
968cd6fe15226e5eee87e02fe0070eca,20191110,"1,573,376,392,515,000",screen,shown,store
d5d035a63b6c1e7b77ae9c63d0c82ba3,20191110,"1,573,371,156,989,020",screen,shown,chapter_select_screen
d5d035a63b6c1e7b77ae9c63d0c82ba3,20191110,"1,573,371,798,922,000",screen,shown,chapter_select_screen
9b896bb54ad75f5955d68058dfa763c0,20191110,"1,573,388,636,532,000",screen,shown,more_games_screen
58f095d82a672fb2f4600dbc856fdfb1,20191110,"1,573,390,621,837,000",screen,shown,chapter_select_screen
c6111b6784a857d8a4ac99bc32c190e3,20191110,"1,573,395,056,450,010",screen,shown,garage
caabc1ee9f89b828acadac847d0cb9f0,20191110,"1,573,370,431,191,000",screen,shown,chapter_select_screen
1b88df2c3a71cf2757cc280690e28b8e,20191110,"1,573,406,863,023,010",screen,shown,chapter_select_screen
79e9695fbd75282257f811a67cab5e1f,20191110,"1,573,399,875,122,000",screen,shown,chapter_select_screen
32b4a6a8ba6814a1cf20c999d843965e,20191110,"1,573,386,187,152,000",screen,shown,chapter_select_screen
6ac4023212eaf6da6b79dafff8dab434,20191110,"1,573,357,715,776,050",screen,shown,chapter_select_screen
f412fc1fb0c010a4f4b80ad2f32e0ed8,20191110,"1,573,365,693,895,020",screen,shown,chapter_select_screen
7f4f1c30a32dc2f9a0f532953d33c9b3,20191110,"1,573,391,384,317,000",screen,shown,chapter_select_screen
7f974ba04367a57c1cc3d8a3857d79d6,20191110,"1,573,380,669,564,000",screen,shown,chapter_select_screen
7f974ba04367a57c1cc3d8a3857d79d6,20191110,"1,573,380,687,497,010",screen,shown,more_games_screen
84622b86d5fe0f2fd20f1ff32b8d4cee,20191110,"1,573,370,061,307,000",screen,shown,more_games_screen
e13df70c7fbc93e1fccb79ef0530d45e,20191110,"1,573,348,941,504,000",screen,shown,chapter_select_screen
ab21bc788f60ab63aafecec55ad9ac35,20191110,"1,573,354,910,032,000",screen,shown,chapter_select_screen
7c6f042248d56cf21891beecb6610617,20191110,"1,573,382,284,917,020",screen,shown,chapter_select_screen
2b247d50a80ef4891aea531c0d5fecc3,20191110,"1,573,347,255,801,010",screen,shown,garage
08d2c10769fff658d53e728a959c8df8,20191110,"1,573,377,330,167,000",screen,shown,chapter_select_screen
bb69486c96b2cf7102742d0e162a026e,20191110,"1,573,376,369,325,020",screen,shown,more_games_screen
6f8d8415d8e114cbb42efb6938058ec0,20191110,"1,573,398,410,004,000",screen,shown,chapter_select_screen
9f997b5395a759c5d2c604428a350c76,20191110,"1,573,364,923,139,000",screen,shown,chapter_select_screen
7cd3c666b1f80b7ec434e0f3be6cfc4a,20191110,"1,573,358,410,268,000",screen,shown,chapter_select_screen
f009a36b0c5ef763dd562889d693ba67,20191110,"1,573,381,452,795,010",screen,shown,garage
033d126de6f13ea6b881d58e07365a8e,20191110,"1,573,390,695,594,020",screen,shown,garage
d8bccc3e543b53c90e299260f3510644,20191110,"1,573,356,742,570,010",screen,shown,more_games_screen
d8bccc3e543b53c90e299260f3510644,20191110,"1,573,361,114,735,010",screen,shown,more_games_screen
8393b9dc10ab1247fc582e1f1e4f0985,20191110,"1,573,409,477,139,010",screen,shown,garage
8393b9dc10ab1247fc582e1f1e4f0985,20191110,"1,573,409,711,209,050",screen,shown,more_games_screen
706d4519a277828ee3ff71421fc26b7f,20191110,"1,573,370,413,372,000",screen,shown,store
d8d291416a59db5ccffdfe1b6a8d2282,20191110,"1,573,398,419,313,020",screen,shown,chapter_select_screen
5144fdb9bfb1333bd74d187c3646ca5f,20191110,"1,573,374,198,943,000",screen,shown,chapter_select_screen
c033b2fe4d2313a0a660cd5a5a160ba5,20191110,"1,573,385,918,302,010",screen,shown,chapter_select_screen
7fab20accdd39db019edc939fd2df028,20191110,"1,573,361,118,100,010",screen,shown,garage
3846093d9220a7f7a90160648d64372f,20191110,"1,573,396,140,018,010",screen,shown,garage
3846093d9220a7f7a90160648d64372f,20191110,"1,573,396,152,811,010",screen,shown,chapter_select_screen
76e46d03c8b33e76ec17bc041848c055,20191110,"1,573,364,976,643,010",screen,shown,more_games_screen
95b8321beb9bac86f25b4b84c5fe0699,20191110,"1,573,366,451,863,010",screen,shown,garage
95b8321beb9bac86f25b4b84c5fe0699,20191110,"1,573,366,560,784,030",screen,shown,chapter_select_screen
416f90c0744d795b91f269fcd0806d36,20191110,"1,573,388,996,881,000",screen,shown,chapter_select_screen
eb8e9398d057d47b1faa9ecc69103253,20191110,"1,573,344,623,986,010",screen,shown,more_games_screen
419df72562a3a312410e0646df519222,20191110,"1,573,395,701,193,000",screen,shown,garage
fd5040a5e5482dcc262d5a4eab7e46f8,20191110,"1,573,376,076,522,020",screen,shown,more_games_screen
eaea6463bb73bc8771e256683f26f2de,20191110,"1,573,373,110,893,020",screen,shown,garage
a825e75698da2678d5f23b8100db848b,20191110,"1,573,366,441,036,000",screen,shown,store
267f8575ce8e006d6a57ccccd6db1c1a,20191110,"1,573,394,213,356,010",screen,shown,chapter_select_screen
267f8575ce8e006d6a57ccccd6db1c1a,20191110,"1,573,400,193,046,010",screen,shown,chapter_select_screen
f0f2975a42384d381043be7ab1c0c420,20191110,"1,573,354,903,198,000",screen,shown,store
17db9cd093b5da9249fab5bf3192b7c6,20191110,"1,573,386,689,833,000",screen,shown,chapter_select_screen
17db9cd093b5da9249fab5bf3192b7c6,20191110,"1,573,393,305,377,000",screen,shown,chapter_select_screen
9c5be87e775e463cc6899b8bb0c8249d,20191110,"1,573,423,288,770,030",screen,shown,chapter_select_screen
8b371187a93830662c115ea4e75fd875,20191110,"1,573,377,799,439,010",screen,shown,chapter_select_screen
ca1a319a5f9796b672557c3577e0670e,20191110,"1,573,368,145,105,020",screen,shown,garage
53b91640d0e3b848d030ca25f86486d1,20191110,"1,573,399,275,052,010",screen,shown,garage
de315d2649a9c1fd82a14d3a47ee0e70,20191110,"1,573,391,225,576,010",screen,shown,chapter_select_screen
83553091cb18423ae45a482f432a29cd,20191110,"1,573,402,306,767,010",screen,shown,garage
d3112caf7868397dc41e3b02714e434f,20191110,"1,573,354,340,513,000",screen,shown,more_games_screen
e2520b8aa781328fcfc60bcaeb68e118,20191110,"1,573,404,062,517,000",screen,shown,chapter_select_screen
c8ac0b2d6a0f1e6b2218b6a7d688f614,20191110,"1,573,398,917,489,010",screen,shown,garage
84c64226ad5c13c64020ee7407e90e18,20191110,"1,573,368,911,026,020",screen,shown,chapter_select_screen
21356502d221649aff3b6b35cb5f3cfc,20191110,"1,573,384,846,817,020",screen,shown,chapter_select_screen
d401105ca7d9bd338b8a2dda585860da,20191110,"1,573,391,393,508,010",screen,shown,chapter_select_screen
a59168f539795fab34fc11e89a6b5b3a,20191110,"1,573,382,784,849,000",screen,shown,chapter_select_screen
3e9f30849979d402d19fedc499eda05c,20191110,"1,573,388,467,283,010",screen,shown,chapter_select_screen
a9b3c41f11697b30574fefed080893e3,20191110,"1,573,369,378,009,060",screen,shown,more_games_screen
a9b3c41f11697b30574fefed080893e3,20191110,"1,573,369,388,202,060",screen,shown,more_games_screen
521d864991f07cef444f68b51c6e5f19,20191110,"1,573,349,452,379,010",screen,shown,chapter_select_screen
5954be9ad38bf3f607355ff671b22229,20191110,"1,573,403,106,351,020",screen,shown,chapter_select_screen
6c872792fa09927ecfc5f9094c86a9ea,20191110,"1,573,359,957,039,000",screen,shown,store
37afcc9aa1f64f74b3d2619fb5a434ee,20191110,"1,573,377,335,250,010",screen,shown,garage
76e58236326269d9b937c42548dc17bd,20191110,"1,573,360,872,188,010",screen,shown,chapter_select_screen
eed4fdde32b37e8d9b5bb295c03ab61b,20191110,"1,573,406,378,970,000",screen,shown,chapter_select_screen
84c03cae37c58fb38ba5b7be970a494d,20191110,"1,573,359,314,008,010",screen,shown,chapter_select_screen
6a9b8aeeaf00e91de4c3570a06e7a2d7,20191110,"1,573,355,877,736,000",screen,shown,chapter_select_screen
09037f57722618b6d4f83bfc6fbfc481,20191110,"1,573,396,757,178,000",screen,shown,store
4742b1b534a30d8d54c8a7414337c727,20191110,"1,573,354,321,267,010",screen,shown,chapter_select_screen
1053ab3bba0ed01a11ba94c7f9ebedc4,20191110,"1,573,387,172,736,000",screen,shown,chapter_select_screen
16a1ae305d173dc356ef036549a4db7e,20191110,"1,573,389,989,742,000",screen,shown,more_games_screen
aa3af2241737c1299f8730587bc1039a,20191110,"1,573,367,284,012,010",screen,shown,garage
aa3af2241737c1299f8730587bc1039a,20191110,"1,573,390,861,214,010",screen,shown,chapter_select_screen
6bfeeb442ccf08507a4be7f018fe3633,20191110,"1,573,370,649,079,000",screen,shown,chapter_select_screen
6bfeeb442ccf08507a4be7f018fe3633,20191110,"1,573,371,231,743,000",screen,shown,chapter_select_screen
c9d731e8c3a83adaaf1bc8e868a4116b,20191110,"1,573,391,850,928,010",screen,shown,chapter_select_screen
829599ba1a4a7d5346f0e830d32e1de5,20191110,"1,573,388,520,373,000",screen,shown,chapter_select_screen
919a919f568f92bf5e50be3077f74d1c,20191110,"1,573,371,246,126,030",screen,shown,garage
6b10a2c31dbb334474626e89d12de8f6,20191110,"1,573,392,198,821,000",screen,shown,chapter_select_screen
2131ee4874ae5f17552b890514933dc7,20191110,"1,573,373,560,624,000",screen,shown,chapter_select_screen
7c82f7d769bd81ce9701b8554ff6f234,20191110,"1,573,385,480,085,020",screen,shown,chapter_select_screen
41d8a51a4fa344b87201933edb61b3f6,20191110,"1,573,351,496,709,080",screen,shown,chapter_select_screen
18C65230A33F4473BCA9049F74544EB1,20191110,"1,573,384,548,520,020",screen,shown,garage
A48D1FBE3EA14D2C976DEDD8278408E6,20191110,"1,573,379,304,425,000",screen,shown,garage
1E13766642114A4C90AA59141C6E165E,20191110,"1,573,389,296,225,000",screen,shown,chapter_select_screen
6920DB78DE4B4C7B84EAFFDCA342C67E,20191110,"1,573,379,812,186,000",screen,shown,chapter_select_screen
04642CCC888C4581A7D226F3A392F4B2,20191110,"1,573,374,769,186,000",screen,shown,garage
43EFDF8D22D84F369C3B3D9C195BAD8D,20191110,"1,573,381,666,409,000",screen,shown,chapter_select_screen
E6DE23778DA542569D517AA98A3C058D,20191110,"1,573,401,487,743,000",screen,shown,more_games_screen
C247DE64D64844D68896ED3578754024,20191110,"1,573,384,348,452,010",screen,shown,chapter_select_screen
9209B95858744735A44F8B5F1E4F4882,20191110,"1,573,375,317,521,010",screen,shown,chapter_select_screen
B84ECD3290EE4A2E9CCE2C26277ABB41,20191110,"1,573,376,362,592,000",screen,shown,store
20EA1BB3AA42466095887FAEDCF41339,20191110,"1,573,410,290,962,010",screen,shown,chapter_select_screen
8892F67BEA73456CAF45BF7E890E60AB,20191110,"1,573,372,723,447,010",screen,shown,more_games_screen
8976B69BC3F54A0A8DB77306E4C2082A,20191110,"1,573,399,973,945,000",screen,shown,chapter_select_screen
F3946409309648B5BE68018DCCBA8A2D,20191110,"1,573,390,462,722,000",screen,shown,chapter_select_screen
43BA2E6609A740D8B7093BA31A008ED6,20191110,"1,573,364,883,812,010",screen,shown,garage
85BF0B6603F941C2A9C2ACE5DE932306,20191110,"1,573,396,819,339,010",screen,shown,chapter_select_screen
5FE5E8963E914DE0A51C28F044B89CFE,20191110,"1,573,377,417,276,010",screen,shown,chapter_select_screen
943BB6F3459C4EE3B16C3FD41D96F77D,20191110,"1,573,385,867,013,010",screen,shown,garage
701f8dd018641dd85d7418762b11dfbe,20191110,"1,573,399,837,155,010",screen,shown,chapter_select_screen
3c1592d2b3e6186cb708633ce3103d53,20191110,"1,573,362,727,759,000",screen,shown,chapter_select_screen
6907b944e754c5604ba591883d5a6e88,20191110,"1,573,398,238,307,020",screen,shown,garage
6907b944e754c5604ba591883d5a6e88,20191110,"1,573,398,341,877,010",screen,shown,garage
3842903d128128b24306121b2c818851,20191110,"1,573,382,431,295,000",screen,shown,garage
5edb80ba0435b621893ec1987fd373ac,20191110,"1,573,392,699,639,040",screen,shown,chapter_select_screen
b9ea200e6630a927d59503e300a247be,20191110,"1,573,350,417,837,010",screen,shown,chapter_select_screen
b9ea200e6630a927d59503e300a247be,20191110,"1,573,350,785,661,010",screen,shown,chapter_select_screen
b9ea200e6630a927d59503e300a247be,20191110,"1,573,364,405,444,010",screen,shown,garage
112d259cecfac5be03d2edb880ace22a,20191110,"1,573,401,745,967,020",screen,shown,garage
0df7ae920c14e984c4cc1a34da5f4be8,20191110,"1,573,384,453,875,010",screen,shown,chapter_select_screen
d59ef71c1df58b0a3def197c5d83a319,20191110,"1,573,397,447,994,020",screen,shown,chapter_select_screen
292b33e2cecc86edd24f9164d6ef62f2,20191110,"1,573,353,521,335,030",screen,shown,more_games_screen
292b33e2cecc86edd24f9164d6ef62f2,20191110,"1,573,365,393,081,030",screen,shown,chapter_select_screen
fdd8c8070fcb355ada1d2d6dbb6b5d29,20191110,"1,573,413,606,871,010",screen,shown,garage
fa46412d95dfe24b1a69e81646f5d79e,20191110,"1,573,370,747,201,030",screen,shown,more_games_screen
fa46412d95dfe24b1a69e81646f5d79e,20191110,"1,573,370,752,548,030",screen,shown,chapter_select_screen
b3ade17c6810129c9cfdb41a6a4f6fd6,20191110,"1,573,367,529,758,050",screen,shown,chapter_select_screen
cc3d9d23374a8f29d3981159274bddbe,20191110,"1,573,402,596,372,010",screen,shown,garage
a3174dff9b4f5771af78d5a72a5538ae,20191110,"1,573,372,895,476,010",screen,shown,garage
717a71ec7605d7ea237f9a23df848366,20191110,"1,573,381,614,578,030",screen,shown,garage
717a71ec7605d7ea237f9a23df848366,20191110,"1,573,382,554,630,000",screen,shown,store
6be876e3cb47861aa136f9e7eaa863e5,20191110,"1,573,380,298,361,010",screen,shown,chapter_select_screen
6be876e3cb47861aa136f9e7eaa863e5,20191110,"1,573,380,316,584,000",screen,shown,chapter_select_screen
335c439f6db9c81c6a28c5ae73f9d5a3,20191110,"1,573,373,009,917,000",screen,shown,chapter_select_screen
c3a8ca570f7a532dc132af650f6d0d9c,20191110,"1,573,370,479,268,000",screen,shown,garage
696d26161ecbe0a0d8283173817ffee7,20191110,"1,573,381,754,391,020",screen,shown,chapter_select_screen
d3416a5b8cf0f29ccbb69f496705a041,20191110,"1,573,404,086,338,010",screen,shown,garage
1e16fcbd06d1f9de2fa25cce39280e42,20191110,"1,573,369,710,527,000",screen,shown,garage
f7108e681f401d5377725cca5a48c846,20191110,"1,573,359,367,755,040",screen,shown,more_games_screen
ca841127e98eb5a94a5f77b53a34c59e,20191110,"1,573,357,646,448,010",screen,shown,garage
daa3ff607572824b274d42a454dd7fa4,20191110,"1,573,358,554,276,060",screen,shown,chapter_select_screen
daa3ff607572824b274d42a454dd7fa4,20191110,"1,573,358,944,465,000",screen,shown,chapter_select_screen
378012d902a787b94a229409a98554f2,20191110,"1,573,404,134,233,000",screen,shown,chapter_select_screen
bc778719ec36a4009a5de76e5b7bdf89,20191110,"1,573,379,015,592,010",screen,shown,garage
bc778719ec36a4009a5de76e5b7bdf89,20191110,"1,573,379,935,254,010",screen,shown,more_games_screen
bc778719ec36a4009a5de76e5b7bdf89,20191110,"1,573,379,935,422,010",screen,shown,more_games_screen
2888cebb354b886d18737256c41ab67c,20191110,"1,573,393,007,582,000",screen,shown,chapter_select_screen
37e47f6e4ae601765948120402f2be49,20191110,"1,573,387,621,925,000",screen,shown,more_games_screen
6519d71cf98e909a66b22148dc5a16b5,20191110,"1,573,396,452,854,020",screen,shown,chapter_select_screen
e1bb5bc607fa8905f6ca92bb243a5f6d,20191110,"1,573,386,349,141,000",screen,shown,chapter_select_screen
ba9fe7985768a44c8d4f32952e9a3a4c,20191110,"1,573,392,761,048,000",screen,shown,chapter_select_screen
4f19d15b04c2019bbc98244726141b7b,20191110,"1,573,352,784,252,030",screen,shown,more_games_screen
482b8f8196c29c1ef668a30053c83b86,20191110,"1,573,420,364,138,030",screen,shown,chapter_select_screen
482b8f8196c29c1ef668a30053c83b86,20191110,"1,573,420,441,331,050",screen,shown,more_games_screen
482b8f8196c29c1ef668a30053c83b86,20191110,"1,573,420,447,746,050",screen,shown,chapter_select_screen
52c800529e77289930da6d68248db6c0,20191110,"1,573,392,560,417,050",screen,shown,more_games_screen
52c800529e77289930da6d68248db6c0,20191110,"1,573,393,977,144,050",screen,shown,more_games_screen
a32eb7315c1308b86345a417d52ef350,20191110,"1,573,369,875,747,010",screen,shown,chapter_select_screen
103cd4230f128e7705d2f9e292bb2293,20191110,"1,573,376,340,323,010",screen,shown,garage
8df0ac7726df6817a4d7d0dc18644002,20191110,"1,573,399,014,180,000",screen,shown,chapter_select_screen
426f1682516a0918f54a6b9be49e3e01,20191110,"1,573,384,547,426,010",screen,shown,chapter_select_screen
426f1682516a0918f54a6b9be49e3e01,20191110,"1,573,384,559,877,020",screen,shown,chapter_select_screen
426f1682516a0918f54a6b9be49e3e01,20191110,"1,573,402,216,711,000",screen,shown,chapter_select_screen
e35149179b57ce651b04ed60302313f7,20191110,"1,573,376,240,566,000",screen,shown,chapter_select_screen
1ad47fb8d9a4bec96c77e78d9bac98be,20191110,"1,573,402,280,368,000",screen,shown,chapter_select_screen
57744643ffba4c587381ca4b9c5ebee1,20191110,"1,573,371,701,881,000",screen,shown,chapter_select_screen
cc84a36bf3728ac5575e1bdd16eb61ea,20191110,"1,573,396,495,222,000",screen,shown,more_games_screen
44d46fcb9b7bf405768d875d777c8d73,20191110,"1,573,364,847,371,000",screen,shown,chapter_select_screen
e711e633d41ecdb2fc4627715189d6c5,20191110,"1,573,380,117,764,000",screen,shown,garage
57474b516100a68b7b613ee369ad1619,20191110,"1,573,356,304,450,000",screen,shown,chapter_select_screen
cca9c4a0bd8f62736d013aebc70d9145,20191110,"1,573,401,209,763,010",screen,shown,garage
cc84b85259d27d50bc45ff238a6ac429,20191110,"1,573,363,442,321,010",screen,shown,chapter_select_screen
a4feca7169e20966ea19db7c1eda22da,20191110,"1,573,375,390,497,010",screen,shown,garage
667737271310188d9324c1cd841167b3,20191110,"1,573,347,207,888,010",screen,shown,garage
811e3246fd3aca8db86a4637ad3c949d,20191110,"1,573,366,666,676,010",screen,shown,garage
41b92e295a7c0de682d6057269c9b8cf,20191110,"1,573,356,811,345,030",screen,shown,garage
c734ba2343a580618041a5fbadb4720b,20191110,"1,573,399,084,668,000",screen,shown,chapter_select_screen
f0d84c9d374d261d814696f83d0124f3,20191110,"1,573,400,502,888,000",screen,shown,chapter_select_screen
073809d74bcdc13500138dc6b52b8615,20191110,"1,573,385,537,218,000",screen,shown,chapter_select_screen
23743f48ad350a48db0eb9ddff3aeab3,20191110,"1,573,358,451,610,030",screen,shown,chapter_select_screen
9f55ad0d4b4cd4c142c249b2e0745afa,20191110,"1,573,376,213,474,000",screen,shown,chapter_select_screen
393cd63bb4022f9ad4d699e5fe3dd1c3,20191110,"1,573,361,955,658,010",screen,shown,chapter_select_screen
a1101610aefe89d8c4296958d7a3e8af,20191110,"1,573,401,923,587,000",screen,shown,more_games_screen
fadbdf877c2818b4c91110666bd0ca02,20191110,"1,573,377,845,870,000",screen,shown,store
738672882a2226ac875a9a2f68aa1244,20191110,"1,573,381,125,500,010",screen,shown,garage
50ad372cd0fc0fe036309c19edd7a5d8,20191110,"1,573,366,267,296,000",screen,shown,chapter_select_screen
a177a262c232a9be51e3e56255b1d77d,20191110,"1,573,366,068,978,000",screen,shown,chapter_select_screen
3bfde18cfcc049b66986a670f5a727ce,20191110,"1,573,396,114,368,010",screen,shown,garage
b7417687c5338c19015fa2f787b67a4f,20191110,"1,573,371,496,081,010",screen,shown,garage
fbcc3e6a2d09ff956f582836a4dde2a7,20191110,"1,573,396,719,031,000",screen,shown,chapter_select_screen
8bd1b897af05c1dfd746f66ce8cadc49,20191110,"1,573,358,943,142,000",screen,shown,chapter_select_screen
8bd1b897af05c1dfd746f66ce8cadc49,20191110,"1,573,406,255,722,010",screen,shown,garage
80e6c27cabfe771bf6e7bcc8dab6b53c,20191110,"1,573,377,488,811,010",screen,shown,chapter_select_screen
986138304e16b3e5a1c4d3b7aa9707c0,20191110,"1,573,390,466,378,010",screen,shown,chapter_select_screen
4579ca652b2f6a85031ec5a584a7f70e,20191110,"1,573,347,686,367,000",screen,shown,chapter_select_screen
b5f8484b44189bdfccc984ac671186f6,20191110,"1,573,381,273,461,000",screen,shown,store
39a623b8b30d8f5e4d6cc43dfdf37c1b,20191110,"1,573,344,983,525,000",screen,shown,chapter_select_screen
8403b65c3cb37473923234b80a8d78c8,20191110,"1,573,360,203,741,010",screen,shown,chapter_select_screen
bb156f34c1026d043135a3cb02d0e6d6,20191110,"1,573,398,219,643,000",screen,shown,more_games_screen
902e77404e861a8f8e93534fe52df3b5,20191110,"1,573,369,660,373,010",screen,shown,garage
0f1cb9dded40842c390059e73647e65f,20191110,"1,573,346,225,816,020",screen,shown,chapter_select_screen
047b60047c6c691079f6ee650cab2862,20191110,"1,573,355,334,607,000",screen,shown,chapter_select_screen
047b60047c6c691079f6ee650cab2862,20191110,"1,573,355,478,221,010",screen,shown,garage
4c9b7a97e7cd33a8811fba143c5cbf6f,20191110,"1,573,403,742,265,010",screen,shown,chapter_select_screen
affbe68db77bcd58967e8aa45fcf4f71,20191110,"1,573,385,586,772,020",screen,shown,garage
6aecf239769941b53a945937eb7dc36c,20191110,"1,573,394,062,269,000",screen,shown,chapter_select_screen
3ee94674895c5c0172e843ef702cb6af,20191110,"1,573,370,466,061,010",screen,shown,chapter_select_screen
63aa3fb7c78c2ad547e5072655610a5d,20191110,"1,573,382,891,873,000",screen,shown,garage
c3947eb0f540bce0f2e2aef570398248,20191110,"1,573,393,169,284,010",screen,shown,more_games_screen
e35baee8a1c2547d80cca32749fc61a5,20191110,"1,573,365,691,755,010",screen,shown,garage
4e7d3409254d7edbc24b28591e79b475,20191110,"1,573,353,707,396,000",screen,shown,chapter_select_screen
893e5a4bd8032e4f2f1c9c45d1ca8834,20191110,"1,573,345,863,929,030",screen,shown,chapter_select_screen
7abfcfda8d7c10a9f10ee58b21d7a829,20191110,"1,573,372,238,441,000",screen,shown,chapter_select_screen
03e9f07341fbd727c36857fc84119d86,20191110,"1,573,403,957,435,020",screen,shown,chapter_select_screen
5ced28bdc64bfcb256f954c2a66d1281,20191110,"1,573,397,195,982,000",screen,shown,more_games_screen
f1c58cf21a8f6afe6d83aa9651edcd9e,20191110,"1,573,386,122,373,000",screen,shown,chapter_select_screen
722119e2f1055f2a670c67cd6833d6cf,20191110,"1,573,394,439,705,000",screen,shown,store
1bb30c4c578880569d13a337f1a904f6,20191110,"1,573,389,656,952,000",screen,shown,chapter_select_screen
d6cb3225999293576adb4363cfb436b4,20191110,"1,573,372,979,718,020",screen,shown,garage
1c5ec9a4073f54be83fab9306685642a,20191110,"1,573,382,925,909,020",screen,shown,garage
0f31f9a02efb5584f9300a8ac54f0fe6,20191110,"1,573,388,537,247,020",screen,shown,garage
88732d37bb9bb54bce4a92e4bf211650,20191110,"1,573,383,233,419,000",screen,shown,chapter_select_screen
88160ff040e90b3f2578d4fcde47ef70,20191110,"1,573,350,181,500,060",screen,shown,chapter_select_screen
34bf76bf6c9c9aae70201ed74d64399d,20191110,"1,573,390,990,032,020",screen,shown,chapter_select_screen
269adfd803e6cd0ea5705485921007f0,20191110,"1,573,369,193,487,000",screen,shown,chapter_select_screen
87712f9bd774d1c2cf51f8005d0e3448,20191110,"1,573,352,485,004,000",screen,shown,more_games_screen
721e808a1e32d1d6cb203aa4ec309396,20191110,"1,573,380,040,857,000",screen,shown,chapter_select_screen
721e808a1e32d1d6cb203aa4ec309396,20191110,"1,573,380,073,012,000",screen,shown,store
a7736905f67f361a604b360608c9f9f9,20191110,"1,573,374,265,354,010",screen,shown,garage
3f98c44368f9325dae636e0278d15dd0,20191110,"1,573,361,117,118,010",screen,shown,garage
27f9b88cc52accdeaa9953781b7bd839,20191110,"1,573,393,321,173,000",screen,shown,chapter_select_screen
c68ce628209b41d6012892377629b117,20191110,"1,573,386,816,145,010",screen,shown,chapter_select_screen
c786ac2ab6afcbf214ecc16dc4397317,20191110,"1,573,392,155,309,000",screen,shown,more_games_screen
73caba688c6937b0c9ba5198d4494eb4,20191110,"1,573,366,763,190,070",screen,shown,chapter_select_screen
95377f2bb66e4561fae72a56bf8dcf47,20191110,"1,573,380,879,780,020",screen,shown,chapter_select_screen
95377f2bb66e4561fae72a56bf8dcf47,20191110,"1,573,381,503,612,010",screen,shown,garage
53d8a6d5025d021cad0bc58ad8428904,20191110,"1,573,405,120,896,000",screen,shown,chapter_select_screen
a15fe96cee3e224efddd92b34be0fe2a,20191110,"1,573,401,691,475,000",screen,shown,garage
c0330f7b6b4e97ff9de5397f00888d8c,20191110,"1,573,355,123,749,010",screen,shown,garage
95764855761e78f8be3fc3604f4c8bab,20191110,"1,573,370,006,731,010",screen,shown,chapter_select_screen
dd66afb3243c62e99ca87d7cdb688294,20191110,"1,573,381,574,946,000",screen,shown,garage
f691364f6658c9652621abb486464e45,20191110,"1,573,353,535,265,030",screen,shown,chapter_select_screen
0c961f4cb5c8cc5cae5d1b0064bbb884,20191110,"1,573,372,587,522,020",screen,shown,chapter_select_screen
5949839a6a9a7d841bd9f78aeb14faf2,20191110,"1,573,369,185,026,000",screen,shown,garage
93343881dac952db7b74c14d740badea,20191110,"1,573,377,279,832,000",screen,shown,chapter_select_screen
87aaaf556477172e65e762aa8a0c8670,20191110,"1,573,352,916,716,000",screen,shown,chapter_select_screen
33b5630d23c07aa5f07983a65b336bc9,20191110,"1,573,369,915,154,020",screen,shown,garage
3c897d8e387bf4d83817f07570285dc6,20191110,"1,573,365,115,197,000",screen,shown,garage
9690440f541708aff4521225319edd48,20191110,"1,573,359,872,141,000",screen,shown,chapter_select_screen
b3691f13d5bc953cf99579b60e0354d5,20191110,"1,573,402,766,146,070",screen,shown,chapter_select_screen
f2024d88dfba0ab9bee770ce300641e4,20191110,"1,573,363,373,844,000",screen,shown,chapter_select_screen
cbf2d6be5eb10a40e0a76a11572f291d,20191110,"1,573,352,071,604,010",screen,shown,chapter_select_screen
801622327088f0946461a5033ef597fa,20191110,"1,573,356,998,953,000",screen,shown,garage
801622327088f0946461a5033ef597fa,20191110,"1,573,357,268,572,000",screen,shown,chapter_select_screen
801622327088f0946461a5033ef597fa,20191110,"1,573,357,980,032,010",screen,shown,chapter_select_screen
5eed4408832f1d882a02a593cfaeba91,20191110,"1,573,383,006,743,010",screen,shown,chapter_select_screen
5eed4408832f1d882a02a593cfaeba91,20191110,"1,573,383,786,204,010",screen,shown,chapter_select_screen
0922b4ba9f685522e4d3039cfb50efcb,20191110,"1,573,387,159,441,000",screen,shown,chapter_select_screen
885f6ed57dfe5e9889d0102f5c7ff98c,20191110,"1,573,347,290,844,010",screen,shown,chapter_select_screen
38ec7a670e5e41c5c047c7952b80a227,20191110,"1,573,362,905,230,010",screen,shown,garage
38ec7a670e5e41c5c047c7952b80a227,20191110,"1,573,363,048,114,030",screen,shown,chapter_select_screen
4bb277b3d2c9e9e05b31b945b1a9a561,20191110,"1,573,402,735,171,010",screen,shown,more_games_screen
9ba48e14b8f39d11384dc1111287262b,20191110,"1,573,355,428,288,010",screen,shown,more_games_screen
2ad15a618267eab93935597f7c84916c,20191110,"1,573,381,488,380,010",screen,shown,garage
c20a99b4915783c1ffd9a1df77c6af94,20191110,"1,573,381,869,349,000",screen,shown,chapter_select_screen
C48B68F9455D43DEAB1B676470A45E01,20191110,"1,573,368,513,822,000",screen,shown,chapter_select_screen
876A5904A7214F63B6D0815EA53B45B4,20191110,"1,573,385,326,823,000",screen,shown,chapter_select_screen
24E5E542B8BB46AC8CD1A3A1DCA416DE,20191110,"1,573,359,497,804,010",screen,shown,garage
24E5E542B8BB46AC8CD1A3A1DCA416DE,20191110,"1,573,359,555,088,010",screen,shown,garage
38FD56FA7ABB4A31B13A06964217C1AF,20191110,"1,573,382,013,799,020",screen,shown,garage
E9BFBFB9D27F4BA9B24CB371C6124B5C,20191110,"1,573,411,587,348,000",screen,shown,chapter_select_screen
D1478EA59641472C90B610B35E468B01,20191110,"1,573,375,060,832,000",screen,shown,chapter_select_screen
9ACA5D475022499C9D52B643DD2C7568,20191110,"1,573,356,632,089,010",screen,shown,garage
9A8E7584C1FE4B80AEFF1212C035A425,20191110,"1,573,383,772,517,000",screen,shown,garage
63AAD285E79345B8BF9B3B3BF900E9D7,20191110,"1,573,372,181,946,120",screen,shown,garage
b4b909ad61622767a59e324d4ba4aa87,20191110,"1,573,384,848,045,010",screen,shown,garage
a2f2c0c28d05e40be55c54491a5a9222,20191110,"1,573,373,087,494,000",screen,shown,chapter_select_screen
545f6935620b7165d0fbdafcb5d2a858,20191110,"1,573,379,286,336,000",screen,shown,store
928cbf58b975baad18b947b5b114dda9,20191110,"1,573,358,663,747,010",screen,shown,garage
e4695a9da8b03631d3b275c6e592f5e3,20191110,"1,573,354,845,164,020",screen,shown,more_games_screen
e4695a9da8b03631d3b275c6e592f5e3,20191110,"1,573,354,892,931,010",screen,shown,chapter_select_screen
b5a9e62a8fff76c68874962384921da7,20191110,"1,573,390,069,337,000",screen,shown,chapter_select_screen
a60acffe5f2bc91568f155b2f8bb1c40,20191110,"1,573,384,540,965,010",screen,shown,chapter_select_screen
2244dde45db974d5fdaab3615d9f9723,20191110,"1,573,378,744,759,010",screen,shown,chapter_select_screen
b2d21f82cb6c075b4bb5840f403dc357,20191110,"1,573,392,385,497,000",screen,shown,chapter_select_screen
56b433f8042bdfa0a33e5b13a5c08906,20191110,"1,573,399,054,463,010",screen,shown,chapter_select_screen
e9e5e669895b833590241ca6060828c1,20191110,"1,573,385,897,889,000",screen,shown,chapter_select_screen
f919103e23a217a62da46b28cfa887a1,20191110,"1,573,370,005,680,000",screen,shown,chapter_select_screen
8FB396D5E21A4C9887DEA8B08E3D08B0,20191110,"1,573,361,201,428,000",screen,shown,chapter_select_screen
6EEAC617C0E543B0BF612DA170B4988C,20191110,"1,573,344,888,903,000",screen,shown,store
33C06DD2D2534273912E076FC100B177,20191110,"1,573,381,923,902,010",screen,shown,garage
A949407859154E569DDCF9EB3EECE8BD,20191110,"1,573,350,063,889,010",screen,shown,garage
4FB2FD32B0DF45559E35C32D0DAC9A11,20191110,"1,573,373,429,717,020",screen,shown,chapter_select_screen
4FB2FD32B0DF45559E35C32D0DAC9A11,20191110,"1,573,373,432,836,000",screen,shown,chapter_select_screen
8A12C1339E264B7F8CA22A04418BBC50,20191110,"1,573,348,197,678,040",screen,shown,garage
2BD2546D1B63438F8D7928350691FE83,20191110,"1,573,402,337,225,000",screen,shown,chapter_select_screen
5DC78C331B0F4FB5B934E49A74816162,20191110,"1,573,397,551,900,000",screen,shown,chapter_select_screen
5B8755776BE7434A8E583E03C24B2291,20191110,"1,573,374,954,751,000",screen,shown,chapter_select_screen
5B8755776BE7434A8E583E03C24B2291,20191110,"1,573,379,829,830,000",screen,shown,chapter_select_screen
1635E5EF13D64296BEB3C3D47F60F604,20191110,"1,573,357,809,789,000",screen,shown,chapter_select_screen
A7EAE6B838844C5292D1EE0F33EFDE78,20191110,"1,573,427,396,506,010",screen,shown,garage
9E3D7BFFB1AA4A4D939FA3773D98EF13,20191110,"1,573,397,329,231,000",screen,shown,more_games_screen
EB8F85C7B5D440F995524B5FA63A63B7,20191110,"1,573,402,317,300,040",screen,shown,chapter_select_screen
CD774AA6AC6D441DA4F7252286BB5D30,20191110,"1,573,399,045,534,000",screen,shown,chapter_select_screen
A629FE313F064606B60604BAFB9E6D2D,20191110,"1,573,401,269,580,000",screen,shown,more_games_screen
C58D105B79894AC3AF18D53A90D2F76E,20191110,"1,573,371,115,538,000",screen,shown,chapter_select_screen
93BF0D0A2F1040E287CB5A0BD208C38E,20191110,"1,573,375,800,008,010",screen,shown,chapter_select_screen
BF44A883550544E09CF0C23089DEACBB,20191110,"1,573,369,123,019,040",screen,shown,garage
AF500BA57AB84CF0B9F982B3A7B4A110,20191110,"1,573,361,400,331,000",screen,shown,chapter_select_screen
959246DFCF2C44C4841A31481A68C921,20191110,"1,573,393,142,990,000",screen,shown,chapter_select_screen
223169A54DEF4C9DADE9FC9138357F9C,20191110,"1,573,380,882,221,000",screen,shown,more_games_screen
EE876ED693924BD2BEA6014FABE4C514,20191110,"1,573,419,051,497,000",screen,shown,chapter_select_screen
0666BD3F4A594CFD8EDE7A7386F786D0,20191110,"1,573,360,967,105,000",screen,shown,garage
4F9C8B4C9753499B83F355D18E1754DF,20191110,"1,573,391,181,724,000",screen,shown,chapter_select_screen
4F9C8B4C9753499B83F355D18E1754DF,20191110,"1,573,394,160,398,020",screen,shown,garage
4D3C630D0C264D00ACF128DD21258264,20191110,"1,573,386,075,809,010",screen,shown,chapter_select_screen
19A40481625E4A66BAA0C1DB93B993C3,20191110,"1,573,399,655,403,010",screen,shown,garage
C2C0FE33BFA5492280808DE754C0D481,20191110,"1,573,392,939,002,000",screen,shown,chapter_select_screen
AF44D02042D6443B9ECD32E7F28445D0,20191110,"1,573,387,615,513,000",screen,shown,chapter_select_screen
4A440DB81C744572A771EB507ADC624C,20191110,"1,573,360,025,782,000",screen,shown,chapter_select_screen
5A6982FD571B4C78B07BAECF5E93D137,20191110,"1,573,361,643,174,000",screen,shown,chapter_select_screen
5A6982FD571B4C78B07BAECF5E93D137,20191110,"1,573,398,337,191,010",screen,shown,garage
536E9D0FD6DC4237BA7B511626AAF739,20191110,"1,573,379,659,879,000",screen,shown,more_games_screen
98E272813B714037AFB4CC2EAC0F55AB,20191110,"1,573,379,567,272,030",screen,shown,garage
DE294F7201A943D6B1ECAA1134CB2493,20191110,"1,573,368,843,031,000",screen,shown,garage
1A0FF044B31D4602B8E81B4F551081C6,20191110,"1,573,406,769,245,010",screen,shown,chapter_select_screen
B800B2A412BF4369A6DB20E2F11D1EFC,20191110,"1,573,382,486,042,010",screen,shown,garage
3DDDD55FE1474042B1DDE2730B0364CF,20191110,"1,573,376,573,625,010",screen,shown,chapter_select_screen
E7812C6EAE504697AB4FDFC51A1384FA,20191110,"1,573,361,225,926,000",screen,shown,chapter_select_screen
550F1BFE998E47F1924A56480CB0B9D4,20191110,"1,573,368,775,137,020",screen,shown,chapter_select_screen
061DDFB58D1D4FC9B1110BCED9B6EACE,20191110,"1,573,378,282,154,010",screen,shown,chapter_select_screen
505C2B915B8F451B94ED4720A5B60F5B,20191110,"1,573,393,723,126,000",screen,shown,garage
20D7B1B1465C4AF9827C0B6EC446F1EC,20191110,"1,573,365,530,602,000",screen,shown,chapter_select_screen
2651C66BC1FD4B90ADF45D4990E699F2,20191110,"1,573,362,730,300,010",screen,shown,chapter_select_screen
E765691A438C4B5D9FDA7AEB594C0E80,20191110,"1,573,362,668,866,000",screen,shown,chapter_select_screen
9DA2BC8194FD4AC09BE6648A647A8807,20191110,"1,573,358,929,585,010",screen,shown,garage
AA0A555AB347431EA0AE6C7712B6EE4A,20191110,"1,573,349,222,381,000",screen,shown,chapter_select_screen
3426400D1E794C2F8BFE60586EEE8A78,20191110,"1,573,365,430,509,040",screen,shown,chapter_select_screen
89BD76F8668C4BE18BECBEA426D9474D,20191110,"1,573,378,533,086,000",screen,shown,chapter_select_screen
FB70333D7CF4429BBFDAD22A1420E69C,20191110,"1,573,387,343,872,000",screen,shown,chapter_select_screen
FB70333D7CF4429BBFDAD22A1420E69C,20191110,"1,573,388,528,295,000",screen,shown,chapter_select_screen
BBF767A1AFDA49078C5EFED1B4A8FF8E,20191110,"1,573,371,156,155,000",screen,shown,chapter_select_screen
A0FFF647DE2C47E8AD7FC1240F7D0DCA,20191110,"1,573,355,474,894,000",screen,shown,more_games_screen
A0FFF647DE2C47E8AD7FC1240F7D0DCA,20191110,"1,573,370,294,156,000",screen,shown,chapter_select_screen
BADEE2238FCC4A96970C6DC66285EE92,20191110,"1,573,390,874,551,000",screen,shown,chapter_select_screen
717F3C56FFF4487C8DE26367454B3FA1,20191110,"1,573,399,221,168,010",screen,shown,chapter_select_screen
717F3C56FFF4487C8DE26367454B3FA1,20191110,"1,573,399,268,261,010",screen,shown,chapter_select_screen
BCF3346439834F8A965D97D7DBC3C067,20191110,"1,573,375,106,130,000",screen,shown,chapter_select_screen
80D79B2FF3A340D6A424DAE2FFAA0909,20191110,"1,573,368,613,554,000",screen,shown,chapter_select_screen
BE1B3341A7E64E299B4D93EA9DDCACF6,20191110,"1,573,404,220,696,010",screen,shown,garage
E24BFD9B2CCA4ED58A570F6D6E8F377D,20191110,"1,573,410,269,457,010",screen,shown,chapter_select_screen
4027CDA2F8AC4EDAA718B7E4CEB400F4,20191110,"1,573,375,300,820,000",screen,shown,more_games_screen
534D9F5BC6F64E7696DA0EEE00B39EA0,20191110,"1,573,394,170,839,000",screen,shown,garage
FAFA10431A4C4D90BC5607DD7FDA8392,20191110,"1,573,370,087,539,000",screen,shown,chapter_select_screen
78B0C7FB29AB461C9D31C59A2F8083B3,20191110,"1,573,389,708,634,050",screen,shown,chapter_select_screen
148F22769BD243BBA81D4081A204C23C,20191110,"1,573,381,352,547,010",screen,shown,chapter_select_screen
4C66EE552DA44B0D834E7B8BA4D65E88,20191110,"1,573,363,385,141,010",screen,shown,garage
4C66EE552DA44B0D834E7B8BA4D65E88,20191110,"1,573,363,965,758,010",screen,shown,garage
51F579844B4542B0B94F2D759533C34B,20191110,"1,573,367,139,333,000",screen,shown,chapter_select_screen
51F579844B4542B0B94F2D759533C34B,20191110,"1,573,367,144,254,010",screen,shown,garage
FB4B8A6DAEFB400DB6DE4A530D6BE87E,20191110,"1,573,360,882,112,020",screen,shown,chapter_select_screen
FB4B8A6DAEFB400DB6DE4A530D6BE87E,20191110,"1,573,371,251,618,010",screen,shown,garage
8A05807EE69843228775D85F1D89A6D7,20191110,"1,573,404,636,633,020",screen,shown,garage
AC03603CC1C7474081474B63A93A6FE2,20191110,"1,573,361,944,137,000",screen,shown,garage
E3EEB5EE141545BAA96133B2697C3F69,20191110,"1,573,385,701,841,000",screen,shown,more_games_screen
844F41F3133C4D9D8C4C1C607FC1AA9C,20191110,"1,573,375,859,299,000",screen,shown,chapter_select_screen
22D6ABBF2747485B96C142BC03E16343,20191110,"1,573,408,040,517,010",screen,shown,chapter_select_screen
DC747FEFADA44F80817A2FB77B46E84F,20191110,"1,573,393,725,884,020",screen,shown,chapter_select_screen
7ADCE46A1300434CA5FE72A724FB652D,20191110,"1,573,376,735,154,010",screen,shown,garage
C30E4BA11F38457FAED6A38F3AECDDDD,20191110,"1,573,404,705,572,000",screen,shown,chapter_select_screen
A6FD29DFF975459FB625C1103576CC0F,20191110,"1,573,385,931,773,000",screen,shown,garage
000590C5528A491D8DDE52E4D3E33188,20191110,"1,573,395,524,397,000",screen,shown,chapter_select_screen
1511F7B4AD95423CAD4A0391078E3F26,20191110,"1,573,367,221,124,000",screen,shown,chapter_select_screen
18ECE7CCEA7A46C898564D7A3BC3DD39,20191110,"1,573,404,220,975,000",screen,shown,chapter_select_screen
4118F67EEF9A49ECAD7C5780863838F2,20191110,"1,573,368,178,816,000",screen,shown,garage
8ADCAF53DC4A47F0AD477B45B93D4794,20191110,"1,573,358,165,102,000",screen,shown,chapter_select_screen
496202E8B2C7499BAA9D5FC4B16B5897,20191110,"1,573,357,786,162,000",screen,shown,chapter_select_screen
0E0AEF5C010B4EADB994007DFF38498B,20191110,"1,573,367,188,503,000",screen,shown,chapter_select_screen
C300C64D0AD94F65A28A8395D51131E5,20191110,"1,573,385,747,871,010",screen,shown,chapter_select_screen
9DCCA30379884A6792E283A1B895ADF6,20191110,"1,573,374,332,324,000",screen,shown,garage
1CA34FFA3F814A8D8183ED874ACB39E8,20191110,"1,573,380,026,600,010",screen,shown,garage
E9AE5CAF81404F09B4363A51271576E7,20191110,"1,573,405,517,843,010",screen,shown,more_games_screen
F2A0E46870864730B21F6CE663DF5393,20191110,"1,573,383,819,987,010",screen,shown,garage
4943c8a1f73b097b0fd9ae2ebb6abdcb,20191110,"1,573,368,029,796,020",screen,shown,chapter_select_screen
1da2993ddb6649c10a25b2ea550c0bff,20191110,"1,573,352,432,318,000",screen,shown,garage
51ead745d101c2297abb840de0cc6203,20191110,"1,573,382,867,426,000",screen,shown,chapter_select_screen
51ead745d101c2297abb840de0cc6203,20191110,"1,573,395,617,605,000",screen,shown,chapter_select_screen
ca0879541ff9a336b74e489ffb5116d1,20191110,"1,573,375,033,396,010",screen,shown,chapter_select_screen
b261f40152c8fe519e6d334a0f6055b4,20191110,"1,573,354,174,442,000",screen,shown,chapter_select_screen
7f758fbbb6a6a546d1fd047fc893fe4a,20191110,"1,573,357,833,559,010",screen,shown,chapter_select_screen
2347f8933db59a2526b2843676ee7390,20191110,"1,573,359,538,513,000",screen,shown,chapter_select_screen
e276cc44cf50cf6ea281cf9d04e2816b,20191110,"1,573,357,451,713,010",screen,shown,chapter_select_screen
d8622b6e46cd30e8da6657f23a304343,20191110,"1,573,393,206,893,000",screen,shown,chapter_select_screen
3c6814934068bef5329e37d73fb3acda,20191110,"1,573,403,102,064,010",screen,shown,chapter_select_screen
2550e5d332aa3d579ec7f610dc19ec2c,20191110,"1,573,367,649,507,080",screen,shown,more_games_screen
4dd0c068930e60b1ddc3e0b3a4c0ac5d,20191110,"1,573,389,625,320,000",screen,shown,chapter_select_screen
35a0382ab9d266d64c85d01502960b68,20191110,"1,573,396,362,240,010",screen,shown,garage
98326ee59be94d56a708c215d5b1a728,20191110,"1,573,399,204,782,000",screen,shown,chapter_select_screen
71b2a212cd80b7b6c805e432332bf52d,20191110,"1,573,398,962,822,000",screen,shown,chapter_select_screen
b9b99048287e68e434032b3a1def37ce,20191110,"1,573,389,183,802,000",screen,shown,chapter_select_screen
b9b99048287e68e434032b3a1def37ce,20191110,"1,573,389,321,826,010",screen,shown,garage
91ecc3ec2619a826098a18484f3b3bf9,20191110,"1,573,350,632,553,010",screen,shown,chapter_select_screen
053b7428a428600f17a7d741ab3c988c,20191110,"1,573,369,268,702,000",screen,shown,chapter_select_screen
c489ef3420d0d812eafdbc04eecd5f0a,20191110,"1,573,368,462,684,000",screen,shown,garage
818afed9084640f0115af13551214583,20191110,"1,573,380,472,582,010",screen,shown,garage
9f1b4d300cc09321147f2c6ba3841c14,20191110,"1,573,372,722,928,010",screen,shown,chapter_select_screen
37f2a53b8fbd2a6f8c38fbc9ec1917c1,20191110,"1,573,366,795,695,000",screen,shown,chapter_select_screen
37f2a53b8fbd2a6f8c38fbc9ec1917c1,20191110,"1,573,399,223,172,010",screen,shown,chapter_select_screen
7827b2d48cf9380436efb11a7a1347e7,20191110,"1,573,382,016,142,050",screen,shown,chapter_select_screen
d13fdc3e560a4a33fbaebe87e1ca3f3c,20191110,"1,573,353,010,514,000",screen,shown,chapter_select_screen
2e77e7f6152b7a3f8ca37bceb5279419,20191110,"1,573,395,126,696,000",screen,shown,chapter_select_screen
2e77e7f6152b7a3f8ca37bceb5279419,20191110,"1,573,397,365,980,000",screen,shown,chapter_select_screen
cb08930ba5b2c31998f4cee9f04db9f1,20191110,"1,573,361,752,245,000",screen,shown,store
70dcc1e4c2a2c40017da18aa00f57007,20191110,"1,573,381,408,071,010",screen,shown,garage
2c0f9c9caa5a16b087a80b31e1df25f6,20191110,"1,573,386,069,646,000",screen,shown,more_games_screen
21e8b3b8e9ae06217572ef0ab334ee8e,20191110,"1,573,361,261,844,000",screen,shown,store
0f788cc351d2e5057a359a9a3d872476,20191110,"1,573,382,192,790,000",screen,shown,chapter_select_screen
dbd82f5bc819b6bb9544ee6d68e3e149,20191110,"1,573,394,698,121,010",screen,shown,garage
45017f96591c8c82d49ccfb229ceb367,20191110,"1,573,366,438,053,010",screen,shown,garage
726518a39f0f3220eaf8ee0506b01eb3,20191110,"1,573,373,605,032,000",screen,shown,chapter_select_screen
332a12a17755a7ea68e2a29b9aa37108,20191110,"1,573,402,629,865,010",screen,shown,chapter_select_screen
b4170c30f0f4ad3b14256a3275dde435,20191110,"1,573,373,088,858,000",screen,shown,chapter_select_screen
27a1bd3c47115a811a703374e2c710fd,20191110,"1,573,362,394,085,010",screen,shown,chapter_select_screen
d289c26d2d86ed52c6bc5c77b32ba308,20191110,"1,573,382,285,524,030",screen,shown,chapter_select_screen
b44a0922a0854154b656684d358de752,20191110,"1,573,362,277,533,010",screen,shown,garage
90c950ea0ade016de2f979d51ed9836f,20191110,"1,573,390,138,751,020",screen,shown,chapter_select_screen
91c58ce77f5e3a85c6cdac8c1d0f48bb,20191110,"1,573,360,968,001,000",screen,shown,garage
1e65d8a0372b801f80d10acd7e1c9a5f,20191110,"1,573,367,319,915,000",screen,shown,chapter_select_screen
1c2d027b3a228da87df32dbf67c2b0a8,20191110,"1,573,392,513,757,000",screen,shown,chapter_select_screen
d8152b0ee26e4d187befeb82b4d4e16f,20191110,"1,573,375,772,175,020",screen,shown,garage